ip,date,time,T (ÂºC)
168.90.31.193,23/10/2020, 01:04:30,20.44
168.90.31.193,23/10/2020, 01:05:06,28.15
168.90.31.193,23/10/2020, 01:05:43,27.05
168.90.31.193,23/10/2020, 01:06:19,16.83
168.90.31.193,23/10/2020, 01:06:55,22.22
168.90.31.193,23/10/2020, 01:08:07,22.99
168.90.31.193,23/10/2020, 01:08:43,22.90
168.90.31.193,23/10/2020, 01:09:20,22.86
168.90.31.193,23/10/2020, 01:10:30,23.31
168.90.31.193,23/10/2020, 01:11:40,24.22
168.90.31.193,23/10/2020, 01:12:17,24.36
168.90.31.193,23/10/2020, 01:12:53,23.86
168.90.31.193,23/10/2020, 01:13:29,23.91
168.90.31.193,23/10/2020, 01:14:05,24.54
168.90.31.193,23/10/2020, 01:14:41,24.54
168.90.31.193,23/10/2020, 01:15:18,24.59
168.90.31.193,23/10/2020, 01:15:54,24.04
168.90.31.193,23/10/2020, 01:16:30,24.68
168.90.31.193,23/10/2020, 01:17:06,24.68
168.90.31.193,23/10/2020, 01:17:43,24.64
168.90.31.193,23/10/2020, 01:18:19,24.68
168.90.31.193,23/10/2020, 01:18:55,24.68
168.90.31.193,23/10/2020, 01:19:31,24.09
168.90.31.193,23/10/2020, 01:20:07,24.09
168.90.31.193,23/10/2020, 01:20:44,24.68
168.90.31.193,23/10/2020, 01:21:20,24.68
168.90.31.193,23/10/2020, 01:21:56,24.09
168.90.31.193,23/10/2020, 01:22:32,24.68
168.90.31.193,23/10/2020, 01:23:09,24.68
168.90.31.193,23/10/2020, 01:23:45,24.09
168.90.31.193,23/10/2020, 01:24:21,24.04
168.90.31.193,23/10/2020, 01:24:57,24.04
168.90.31.193,23/10/2020, 01:25:33,24.04
168.90.31.193,23/10/2020, 01:26:09,24.64
168.90.31.193,23/10/2020, 01:26:45,24.64
168.90.31.193,23/10/2020, 01:27:22,24.64
168.90.31.193,23/10/2020, 01:27:58,24.00
168.90.31.193,23/10/2020, 01:28:35,24.64
168.90.31.193,23/10/2020, 01:29:11,24.04
168.90.31.193,23/10/2020, 01:29:47,24.64
168.90.31.193,23/10/2020, 01:30:23,24.64
168.90.31.193,23/10/2020, 01:30:59,24.64
168.90.31.193,23/10/2020, 01:31:36,24.64
168.90.31.193,23/10/2020, 01:32:12,24.64
168.90.31.193,23/10/2020, 01:32:49,23.95
168.90.31.193,23/10/2020, 01:33:25,24.59
168.90.31.193,23/10/2020, 01:34:01,24.00
168.90.31.193,23/10/2020, 01:34:37,24.59
168.90.31.193,23/10/2020, 01:35:14,24.59
168.90.31.193,23/10/2020, 01:35:51,24.00
168.90.31.193,23/10/2020, 01:36:27,24.59
168.90.31.193,23/10/2020, 01:37:04,24.59
168.90.31.193,23/10/2020, 01:37:41,24.59
168.90.31.193,23/10/2020, 01:38:17,24.59
168.90.31.193,23/10/2020, 01:38:53,24.59
168.90.31.193,23/10/2020, 01:39:30,24.59
168.90.31.193,23/10/2020, 01:40:06,24.59
168.90.31.193,23/10/2020, 01:40:42,24.59
168.90.31.193,23/10/2020, 01:41:18,24.64
168.90.31.193,23/10/2020, 01:41:55,24.64
168.90.31.193,23/10/2020, 01:42:31,24.00
168.90.31.193,23/10/2020, 01:43:08,24.64
168.90.31.193,23/10/2020, 01:43:44,23.95
168.90.31.193,23/10/2020, 01:44:20,24.00
168.90.31.193,23/10/2020, 01:44:56,24.59
168.90.31.193,23/10/2020, 01:45:32,24.64
168.90.31.193,23/10/2020, 01:46:08,24.64
168.90.31.193,23/10/2020, 01:46:44,24.00
168.90.31.193,23/10/2020, 01:47:21,24.59
168.90.31.193,23/10/2020, 01:47:57,24.64
168.90.31.193,23/10/2020, 01:48:34,24.00
168.90.31.193,23/10/2020, 01:49:10,24.59
168.90.31.193,23/10/2020, 01:49:47,24.59
168.90.31.193,23/10/2020, 01:50:23,23.91
168.90.31.193,23/10/2020, 01:51:00,24.59
168.90.31.193,23/10/2020, 01:51:37,24.54
168.90.31.193,23/10/2020, 01:52:13,23.95
168.90.31.193,23/10/2020, 01:52:50,24.54
168.90.31.193,23/10/2020, 01:53:28,24.54
168.90.31.193,23/10/2020, 01:54:08,23.91
168.90.31.193,23/10/2020, 01:54:45,24.54
168.90.31.193,23/10/2020, 01:55:21,24.59
168.90.31.193,23/10/2020, 01:55:58,24.54
168.90.31.193,23/10/2020, 01:56:35,24.54
168.90.31.193,23/10/2020, 01:57:11,24.54
168.90.31.193,23/10/2020, 01:57:48,24.54
168.90.31.193,23/10/2020, 01:58:25,24.54
168.90.31.193,23/10/2020, 01:59:01,23.91
168.90.31.193,23/10/2020, 01:59:38,24.59
168.90.31.193,23/10/2020, 02:00:15,24.54
168.90.31.193,23/10/2020, 02:00:51,23.91
168.90.31.193,23/10/2020, 02:01:29,24.54
168.90.31.193,23/10/2020, 02:02:06,24.54
168.90.31.193,23/10/2020, 02:02:42,24.54
168.90.31.193,23/10/2020, 02:03:19,24.50
168.90.31.193,23/10/2020, 02:03:56,24.54
168.90.31.193,23/10/2020, 02:04:32,24.50
168.90.31.193,23/10/2020, 02:05:09,24.50
168.90.31.193,23/10/2020, 02:05:46,24.54
168.90.31.193,23/10/2020, 02:06:23,24.54
168.90.31.193,23/10/2020, 02:07:00,24.54
168.90.31.193,23/10/2020, 02:07:36,24.50
168.90.31.193,23/10/2020, 02:08:13,24.50
168.90.31.193,23/10/2020, 02:08:49,23.91
168.90.31.193,23/10/2020, 02:09:26,23.91
168.90.31.193,23/10/2020, 02:10:03,24.54
168.90.31.193,23/10/2020, 02:10:40,24.54
168.90.31.193,23/10/2020, 02:11:16,23.86
168.90.31.193,23/10/2020, 02:11:53,24.54
168.90.31.193,23/10/2020, 02:12:30,24.50
168.90.31.193,23/10/2020, 02:13:06,24.54
168.90.31.193,23/10/2020, 02:13:43,24.50
168.90.31.193,23/10/2020, 02:14:20,24.54
168.90.31.193,23/10/2020, 02:14:56,24.54
168.90.31.193,23/10/2020, 02:15:33,24.50
168.90.31.193,23/10/2020, 02:16:09,24.54
168.90.31.193,23/10/2020, 02:16:45,23.91
168.90.31.193,23/10/2020, 02:17:22,24.54
168.90.31.193,23/10/2020, 02:17:58,23.91
168.90.31.193,23/10/2020, 02:18:34,24.50
168.90.31.193,23/10/2020, 02:19:11,24.50
168.90.31.193,23/10/2020, 02:19:47,24.54
168.90.31.193,23/10/2020, 02:20:23,23.86
168.90.31.193,23/10/2020, 02:21:00,24.50
168.90.31.193,23/10/2020, 02:21:36,24.50
168.90.31.193,23/10/2020, 02:22:12,24.54
168.90.31.193,23/10/2020, 02:22:49,24.54
168.90.31.193,23/10/2020, 02:23:25,24.54
168.90.31.193,23/10/2020, 02:24:01,24.54
168.90.31.193,23/10/2020, 02:24:38,24.50
168.90.31.193,23/10/2020, 02:25:14,24.50
168.90.31.193,23/10/2020, 02:25:51,24.54
168.90.31.193,23/10/2020, 02:26:27,24.50
168.90.31.193,23/10/2020, 02:27:03,24.45
168.90.31.193,23/10/2020, 02:27:39,24.54
168.90.31.193,23/10/2020, 02:28:16,23.86
168.90.31.193,23/10/2020, 02:28:52,24.54
168.90.31.193,23/10/2020, 02:29:28,24.54
168.90.31.193,23/10/2020, 02:30:05,24.50
168.90.31.193,23/10/2020, 02:30:41,24.54
168.90.31.193,23/10/2020, 02:31:17,24.50
168.90.31.193,23/10/2020, 02:31:53,24.50
168.90.31.193,23/10/2020, 02:32:29,24.50
168.90.31.193,23/10/2020, 02:33:06,24.54
168.90.31.193,23/10/2020, 02:33:42,23.86
168.90.31.193,23/10/2020, 02:34:18,24.50
168.90.31.193,23/10/2020, 02:34:55,24.50
168.90.31.193,23/10/2020, 02:35:31,24.50
168.90.31.193,23/10/2020, 02:36:07,24.54
168.90.31.193,23/10/2020, 02:36:43,24.50
168.90.31.193,23/10/2020, 02:37:20,24.50
168.90.31.193,23/10/2020, 02:37:56,23.91
168.90.31.193,23/10/2020, 02:38:32,24.50
168.90.31.193,23/10/2020, 02:39:09,24.54
168.90.31.193,23/10/2020, 02:39:45,24.50
168.90.31.193,23/10/2020, 02:40:21,24.45
168.90.31.193,23/10/2020, 02:40:58,24.50
168.90.31.193,23/10/2020, 02:41:34,24.50
168.90.31.193,23/10/2020, 02:42:10,24.50
168.90.31.193,23/10/2020, 02:42:47,23.91
168.90.31.193,23/10/2020, 02:43:23,24.50
168.90.31.193,23/10/2020, 02:43:59,24.50
168.90.31.193,23/10/2020, 02:44:35,24.50
168.90.31.193,23/10/2020, 02:45:12,23.86
168.90.31.193,23/10/2020, 02:45:48,24.50
168.90.31.193,23/10/2020, 02:46:25,24.50
168.90.31.193,23/10/2020, 02:47:01,24.50
168.90.31.193,23/10/2020, 02:47:37,24.50
168.90.31.193,23/10/2020, 02:48:13,23.86
168.90.31.193,23/10/2020, 02:48:50,23.86
168.90.31.193,23/10/2020, 02:49:26,24.45
168.90.31.193,23/10/2020, 02:50:02,24.50
168.90.31.193,23/10/2020, 02:50:38,24.45
168.90.31.193,23/10/2020, 02:51:15,24.45
168.90.31.193,23/10/2020, 02:51:51,24.50
168.90.31.193,23/10/2020, 02:52:27,24.50
168.90.31.193,23/10/2020, 02:53:03,24.45
168.90.31.193,23/10/2020, 02:53:40,24.50
168.90.31.193,23/10/2020, 02:54:16,24.50
168.90.31.193,23/10/2020, 02:54:52,23.86
168.90.31.193,23/10/2020, 02:55:29,23.86
168.90.31.193,23/10/2020, 02:56:05,24.50
168.90.31.193,23/10/2020, 02:56:41,24.50
168.90.31.193,23/10/2020, 02:57:17,24.54
168.90.31.193,23/10/2020, 02:57:54,24.50
168.90.31.193,23/10/2020, 02:58:30,23.86
168.90.31.193,23/10/2020, 02:59:06,24.50
168.90.31.193,23/10/2020, 02:59:43,24.45
168.90.31.193,23/10/2020, 03:00:19,24.50
168.90.31.193,23/10/2020, 03:00:55,23.81
168.90.31.193,23/10/2020, 03:01:31,24.45
168.90.31.193,23/10/2020, 03:02:07,23.86
168.90.31.193,23/10/2020, 03:02:44,24.50
168.90.31.193,23/10/2020, 03:03:20,24.45
168.90.31.193,23/10/2020, 03:03:56,24.50
168.90.31.193,23/10/2020, 03:04:33,24.50
168.90.31.193,23/10/2020, 03:05:09,24.50
168.90.31.193,23/10/2020, 03:05:45,24.45
168.90.31.193,23/10/2020, 03:06:21,24.41
168.90.31.193,23/10/2020, 03:06:57,24.45
168.90.31.193,23/10/2020, 03:07:34,24.45
168.90.31.193,23/10/2020, 03:08:10,23.81
168.90.31.193,23/10/2020, 03:08:47,24.45
168.90.31.193,23/10/2020, 03:09:23,24.45
168.90.31.193,23/10/2020, 03:09:59,24.45
168.90.31.193,23/10/2020, 03:10:35,23.81
168.90.31.193,23/10/2020, 03:11:11,24.45
168.90.31.193,23/10/2020, 03:11:47,24.45
168.90.31.193,23/10/2020, 03:12:24,24.41
168.90.31.193,23/10/2020, 03:13:00,23.81
168.90.31.193,23/10/2020, 03:13:36,23.81
168.90.31.193,23/10/2020, 03:14:12,24.41
168.90.31.193,23/10/2020, 03:14:48,23.77
168.90.31.193,23/10/2020, 03:15:24,23.86
168.90.31.193,23/10/2020, 03:16:01,24.45
168.90.31.193,23/10/2020, 03:16:37,24.45
168.90.31.193,23/10/2020, 03:17:13,24.45
168.90.31.193,23/10/2020, 03:17:49,24.45
168.90.31.193,23/10/2020, 03:18:26,24.50
168.90.31.193,23/10/2020, 03:19:02,24.45
168.90.31.193,23/10/2020, 03:19:39,24.45
168.90.31.193,23/10/2020, 03:20:15,24.41
168.90.31.193,23/10/2020, 03:20:51,24.45
168.90.31.193,23/10/2020, 03:21:28,24.50
168.90.31.193,23/10/2020, 03:22:04,24.45
168.90.31.193,23/10/2020, 03:22:40,24.50
168.90.31.193,23/10/2020, 03:23:17,24.45
168.90.31.193,23/10/2020, 03:23:53,24.41
168.90.31.193,23/10/2020, 03:24:29,24.50
168.90.31.193,23/10/2020, 03:25:05,23.77
168.90.31.193,23/10/2020, 03:25:41,23.77
168.90.31.193,23/10/2020, 03:26:17,24.45
168.90.31.193,23/10/2020, 03:26:54,24.41
168.90.31.193,23/10/2020, 03:27:30,23.81
168.90.31.193,23/10/2020, 03:28:06,24.41
168.90.31.193,23/10/2020, 03:28:42,24.45
168.90.31.193,23/10/2020, 03:29:18,23.81
168.90.31.193,23/10/2020, 03:29:55,24.36
168.90.31.193,23/10/2020, 03:30:31,24.41
168.90.31.193,23/10/2020, 03:31:07,24.41
168.90.31.193,23/10/2020, 03:31:43,23.86
168.90.31.193,23/10/2020, 03:32:20,24.41
168.90.31.193,23/10/2020, 03:32:56,24.41
168.90.31.193,23/10/2020, 03:33:32,24.41
168.90.31.193,23/10/2020, 03:34:08,24.45
168.90.31.193,23/10/2020, 03:34:45,24.41
168.90.31.193,23/10/2020, 03:35:21,24.41
168.90.31.193,23/10/2020, 03:35:58,24.41
168.90.31.193,23/10/2020, 03:36:34,23.77
168.90.31.193,23/10/2020, 03:37:10,24.36
168.90.31.193,23/10/2020, 03:37:46,24.41
168.90.31.193,23/10/2020, 03:38:23,24.41
168.90.31.193,23/10/2020, 03:38:59,24.41
168.90.31.193,23/10/2020, 03:39:35,24.41
168.90.31.193,23/10/2020, 03:40:11,24.41
168.90.31.193,23/10/2020, 03:40:48,24.45
168.90.31.193,23/10/2020, 03:41:24,24.41
168.90.31.193,23/10/2020, 03:42:00,24.41
168.90.31.193,23/10/2020, 03:42:36,24.36
168.90.31.193,23/10/2020, 03:43:12,24.36
168.90.31.193,23/10/2020, 03:43:49,23.77
168.90.31.193,23/10/2020, 03:44:25,24.36
168.90.31.193,23/10/2020, 03:45:01,24.45
168.90.31.193,23/10/2020, 03:45:38,24.45
168.90.31.193,23/10/2020, 03:46:14,24.41
168.90.31.193,23/10/2020, 03:46:50,23.81
168.90.31.193,23/10/2020, 03:47:26,24.36
168.90.31.193,23/10/2020, 03:48:03,24.41
168.90.31.193,23/10/2020, 03:48:39,24.41
168.90.31.193,23/10/2020, 03:49:15,23.77
168.90.31.193,23/10/2020, 03:49:51,24.36
168.90.31.193,23/10/2020, 03:50:28,24.41
168.90.31.193,23/10/2020, 03:51:04,24.41
168.90.31.193,23/10/2020, 03:51:40,24.41
168.90.31.193,23/10/2020, 03:52:17,24.41
168.90.31.193,23/10/2020, 03:52:53,24.36
168.90.31.193,23/10/2020, 03:53:29,24.36
168.90.31.193,23/10/2020, 03:54:05,24.36
168.90.31.193,23/10/2020, 03:54:42,24.41
168.90.31.193,23/10/2020, 03:55:18,24.41
168.90.31.193,23/10/2020, 03:55:54,24.36
168.90.31.193,23/10/2020, 03:56:31,24.36
168.90.31.193,23/10/2020, 03:57:07,24.36
168.90.31.193,23/10/2020, 03:57:43,24.36
168.90.31.193,23/10/2020, 03:58:20,24.32
168.90.31.193,23/10/2020, 03:58:56,24.41
168.90.31.193,23/10/2020, 03:59:32,24.36
168.90.31.193,23/10/2020, 04:00:09,24.36
168.90.31.193,23/10/2020, 04:00:45,23.77
168.90.31.193,23/10/2020, 04:01:21,24.32
168.90.31.193,23/10/2020, 04:01:58,24.36
168.90.31.193,23/10/2020, 04:02:34,24.41
168.90.31.193,23/10/2020, 04:03:10,23.77
168.90.31.193,23/10/2020, 04:03:46,24.36
168.90.31.193,23/10/2020, 04:04:23,24.36
168.90.31.193,23/10/2020, 04:04:59,23.77
168.90.31.193,23/10/2020, 04:05:35,23.81
168.90.31.193,23/10/2020, 04:06:11,24.32
168.90.31.193,23/10/2020, 04:06:48,24.36
168.90.31.193,23/10/2020, 04:07:24,24.36
168.90.31.193,23/10/2020, 04:08:00,24.36
168.90.31.193,23/10/2020, 04:08:37,24.41
168.90.31.193,23/10/2020, 04:09:13,24.32
168.90.31.193,23/10/2020, 04:09:50,24.36
168.90.31.193,23/10/2020, 04:10:26,24.36
168.90.31.193,23/10/2020, 04:11:02,24.32
168.90.31.193,23/10/2020, 04:11:39,24.32
168.90.31.193,23/10/2020, 04:12:15,24.32
168.90.31.193,23/10/2020, 04:12:51,24.36
168.90.31.193,23/10/2020, 04:13:28,24.32
168.90.31.193,23/10/2020, 04:14:04,24.32
168.90.31.193,23/10/2020, 04:14:40,24.32
168.90.31.193,23/10/2020, 04:15:16,24.32
168.90.31.193,23/10/2020, 04:15:53,23.72
168.90.31.193,23/10/2020, 04:16:29,23.72
168.90.31.193,23/10/2020, 04:17:05,24.36
168.90.31.193,23/10/2020, 04:17:41,24.32
168.90.31.193,23/10/2020, 04:18:18,24.32
168.90.31.193,23/10/2020, 04:18:54,24.36
168.90.31.193,23/10/2020, 04:19:30,24.32
168.90.31.193,23/10/2020, 04:20:06,24.32
168.90.31.193,23/10/2020, 04:20:42,24.32
168.90.31.193,23/10/2020, 04:21:19,24.32
168.90.31.193,23/10/2020, 04:21:55,24.32
168.90.31.193,23/10/2020, 04:22:32,24.32
168.90.31.193,23/10/2020, 04:23:08,24.27
168.90.31.193,23/10/2020, 04:23:44,23.72
168.90.31.193,23/10/2020, 04:24:20,24.32
168.90.31.193,23/10/2020, 04:24:56,23.72
168.90.31.193,23/10/2020, 04:25:33,24.27
168.90.31.193,23/10/2020, 04:26:09,24.27
168.90.31.193,23/10/2020, 04:26:45,24.32
168.90.31.193,23/10/2020, 04:27:22,24.27
168.90.31.193,23/10/2020, 04:27:59,24.27
168.90.31.193,23/10/2020, 04:28:35,24.27
168.90.31.193,23/10/2020, 04:29:12,23.72
168.90.31.193,23/10/2020, 04:29:48,24.32
168.90.31.193,23/10/2020, 04:30:24,24.27
168.90.31.193,23/10/2020, 04:31:00,24.27
168.90.31.193,23/10/2020, 04:31:37,23.72
168.90.31.193,23/10/2020, 04:32:13,24.32
168.90.31.193,23/10/2020, 04:32:49,24.27
168.90.31.193,23/10/2020, 04:33:25,23.72
168.90.31.193,23/10/2020, 04:34:02,24.27
168.90.31.193,23/10/2020, 04:34:38,24.27
168.90.31.193,23/10/2020, 04:35:15,24.32
168.90.31.193,23/10/2020, 04:35:51,24.27
168.90.31.193,23/10/2020, 04:36:27,24.27
168.90.31.193,23/10/2020, 04:37:03,24.27
168.90.31.193,23/10/2020, 04:37:40,24.27
168.90.31.193,23/10/2020, 04:38:16,24.27
168.90.31.193,23/10/2020, 04:38:52,24.27
168.90.31.193,23/10/2020, 04:39:28,24.27
168.90.31.193,23/10/2020, 04:40:05,24.27
168.90.31.193,23/10/2020, 04:40:41,24.32
168.90.31.193,23/10/2020, 04:41:17,24.27
168.90.31.193,23/10/2020, 04:41:54,24.27
168.90.31.193,23/10/2020, 04:42:30,24.27
168.90.31.193,23/10/2020, 04:43:06,24.22
168.90.31.193,23/10/2020, 04:43:43,23.68
168.90.31.193,23/10/2020, 04:44:19,24.27
168.90.31.193,23/10/2020, 04:44:55,24.27
168.90.31.193,23/10/2020, 04:45:31,24.27
168.90.31.193,23/10/2020, 04:46:08,24.27
168.90.31.193,23/10/2020, 04:46:44,24.32
168.90.31.193,23/10/2020, 04:47:20,24.27
168.90.31.193,23/10/2020, 04:47:57,24.27
168.90.31.193,23/10/2020, 04:48:33,23.68
168.90.31.193,23/10/2020, 04:49:09,24.27
168.90.31.193,23/10/2020, 04:49:46,24.27
168.90.31.193,23/10/2020, 04:50:22,23.72
168.90.31.193,23/10/2020, 04:50:58,24.27
168.90.31.193,23/10/2020, 04:51:35,24.27
168.90.31.193,23/10/2020, 04:52:11,24.27
168.90.31.193,23/10/2020, 04:52:47,24.27
168.90.31.193,23/10/2020, 04:53:23,24.27
168.90.31.193,23/10/2020, 04:54:00,23.72
168.90.31.193,23/10/2020, 04:54:36,23.68
168.90.31.193,23/10/2020, 04:55:12,24.27
168.90.31.193,23/10/2020, 04:55:48,24.27
168.90.31.193,23/10/2020, 04:56:25,24.22
168.90.31.193,23/10/2020, 04:57:01,23.63
168.90.31.193,23/10/2020, 04:57:37,24.27
168.90.31.193,23/10/2020, 04:58:13,24.27
168.90.31.193,23/10/2020, 04:58:50,24.27
168.90.31.193,23/10/2020, 04:59:26,24.27
168.90.31.193,23/10/2020, 05:00:02,24.27
168.90.31.193,23/10/2020, 05:00:39,24.22
168.90.31.193,23/10/2020, 05:01:15,23.59
168.90.31.193,23/10/2020, 05:01:51,24.22
168.90.31.193,23/10/2020, 05:02:27,24.22
168.90.31.193,23/10/2020, 05:03:03,24.22
168.90.31.193,23/10/2020, 05:03:39,23.59
168.90.31.193,23/10/2020, 05:04:16,24.22
168.90.31.193,23/10/2020, 05:04:52,24.22
168.90.31.193,23/10/2020, 05:05:28,24.22
168.90.31.193,23/10/2020, 05:06:04,24.27
168.90.31.193,23/10/2020, 05:06:41,23.63
168.90.31.193,23/10/2020, 05:07:17,23.68
168.90.31.193,23/10/2020, 05:07:53,23.63
168.90.31.193,23/10/2020, 05:08:29,24.22
168.90.31.193,23/10/2020, 05:09:05,24.22
168.90.31.193,23/10/2020, 05:09:42,24.22
168.90.31.193,23/10/2020, 05:10:18,24.22
168.90.31.193,23/10/2020, 05:10:54,23.63
168.90.31.193,23/10/2020, 05:11:30,23.59
168.90.31.193,23/10/2020, 05:12:06,24.22
168.90.31.193,23/10/2020, 05:12:43,24.22
168.90.31.193,23/10/2020, 05:13:19,24.22
168.90.31.193,23/10/2020, 05:13:55,24.18
168.90.31.193,23/10/2020, 05:14:31,24.22
168.90.31.193,23/10/2020, 05:15:08,24.22
168.90.31.193,23/10/2020, 05:15:44,24.22
168.90.31.193,23/10/2020, 05:16:21,24.22
168.90.31.193,23/10/2020, 05:16:57,23.63
168.90.31.193,23/10/2020, 05:17:33,24.27
168.90.31.193,23/10/2020, 05:18:10,24.18
168.90.31.193,23/10/2020, 05:18:46,24.22
168.90.31.193,23/10/2020, 05:19:22,23.63
168.90.31.193,23/10/2020, 05:19:59,24.22
168.90.31.193,23/10/2020, 05:20:35,24.22
168.90.31.193,23/10/2020, 05:21:12,24.22
168.90.31.193,23/10/2020, 05:21:49,24.22
168.90.31.193,23/10/2020, 05:22:25,24.22
168.90.31.193,23/10/2020, 05:23:01,24.22
168.90.31.193,23/10/2020, 05:23:37,24.18
168.90.31.193,23/10/2020, 05:24:14,24.22
168.90.31.193,23/10/2020, 05:24:50,24.18
168.90.31.193,23/10/2020, 05:25:26,24.22
168.90.31.193,23/10/2020, 05:26:03,24.22
168.90.31.193,23/10/2020, 05:26:39,24.22
168.90.31.193,23/10/2020, 05:27:16,24.22
168.90.31.193,23/10/2020, 05:27:52,24.18
168.90.31.193,23/10/2020, 05:28:28,24.18
168.90.31.193,23/10/2020, 05:29:04,24.18
168.90.31.193,23/10/2020, 05:29:41,24.22
168.90.31.193,23/10/2020, 05:30:17,24.22
168.90.31.193,23/10/2020, 05:30:53,24.18
168.90.31.193,23/10/2020, 05:31:30,23.59
168.90.31.193,23/10/2020, 05:32:06,24.22
168.90.31.193,23/10/2020, 05:32:43,24.22
168.90.31.193,23/10/2020, 05:33:19,24.18
168.90.31.193,23/10/2020, 05:33:55,24.18
168.90.31.193,23/10/2020, 05:34:32,24.18
168.90.31.193,23/10/2020, 05:35:08,24.22
168.90.31.193,23/10/2020, 05:35:44,23.54
168.90.31.193,23/10/2020, 05:36:20,24.22
168.90.31.193,23/10/2020, 05:36:56,24.18
168.90.31.193,23/10/2020, 05:37:33,24.22
168.90.31.193,23/10/2020, 05:38:09,24.22
168.90.31.193,23/10/2020, 05:38:45,23.59
168.90.31.193,23/10/2020, 05:39:22,24.18
168.90.31.193,23/10/2020, 05:39:58,24.18
168.90.31.193,23/10/2020, 05:40:34,24.18
168.90.31.193,23/10/2020, 05:41:10,24.18
168.90.31.193,23/10/2020, 05:41:47,24.18
168.90.31.193,23/10/2020, 05:42:23,23.54
168.90.31.193,23/10/2020, 05:42:59,23.59
168.90.31.193,23/10/2020, 05:43:35,24.18
168.90.31.193,23/10/2020, 05:44:12,24.18
168.90.31.193,23/10/2020, 05:44:48,24.18
168.90.31.193,23/10/2020, 05:45:24,24.18
168.90.31.193,23/10/2020, 05:46:00,24.18
168.90.31.193,23/10/2020, 05:46:37,24.18
168.90.31.193,23/10/2020, 05:47:13,24.18
168.90.31.193,23/10/2020, 05:47:49,24.22
168.90.31.193,23/10/2020, 05:48:26,24.18
168.90.31.193,23/10/2020, 05:49:02,23.54
168.90.31.193,23/10/2020, 05:49:38,24.18
168.90.31.193,23/10/2020, 05:50:14,23.54
168.90.31.193,23/10/2020, 05:50:51,24.18
168.90.31.193,23/10/2020, 05:51:27,24.18
168.90.31.193,23/10/2020, 05:52:03,24.18
168.90.31.193,23/10/2020, 05:52:39,23.54
168.90.31.193,23/10/2020, 05:53:16,24.22
168.90.31.193,23/10/2020, 05:53:52,23.54
168.90.31.193,23/10/2020, 05:54:28,24.18
168.90.31.193,23/10/2020, 05:55:05,23.54
168.90.31.193,23/10/2020, 05:55:41,24.18
168.90.31.193,23/10/2020, 05:56:17,24.13
168.90.31.193,23/10/2020, 05:56:53,24.18
168.90.31.193,23/10/2020, 05:57:30,24.18
168.90.31.193,23/10/2020, 05:58:06,24.13
168.90.31.193,23/10/2020, 05:58:42,24.18
168.90.31.193,23/10/2020, 05:59:19,24.18
168.90.31.193,23/10/2020, 05:59:55,24.13
168.90.31.193,23/10/2020, 06:00:32,24.18
168.90.31.193,23/10/2020, 06:01:08,24.18
168.90.31.193,23/10/2020, 06:01:44,23.54
168.90.31.193,23/10/2020, 06:02:22,24.18
168.90.31.193,23/10/2020, 06:02:58,23.54
168.90.31.193,23/10/2020, 06:03:34,24.13
168.90.31.193,23/10/2020, 06:04:10,24.13
168.90.31.193,23/10/2020, 06:04:47,23.49
168.90.31.193,23/10/2020, 06:05:23,24.18
168.90.31.193,23/10/2020, 06:05:59,24.18
168.90.31.193,23/10/2020, 06:06:36,24.18
168.90.31.193,23/10/2020, 06:07:12,24.18
168.90.31.193,23/10/2020, 06:07:48,24.18
168.90.31.193,23/10/2020, 06:08:25,24.18
168.90.31.193,23/10/2020, 06:09:01,24.18
168.90.31.193,23/10/2020, 06:09:37,24.18
168.90.31.193,23/10/2020, 06:10:13,24.18
168.90.31.193,23/10/2020, 06:11:31,24.18
168.90.31.193,23/10/2020, 06:12:07,24.18
168.90.31.193,23/10/2020, 06:12:43,24.18
168.90.31.193,23/10/2020, 06:13:20,24.22
168.90.31.193,23/10/2020, 06:13:56,24.18
168.90.31.193,23/10/2020, 06:14:32,23.54
168.90.31.193,23/10/2020, 06:15:08,24.18
168.90.31.193,23/10/2020, 06:15:45,24.22
168.90.31.193,23/10/2020, 06:16:21,23.54
168.90.31.193,23/10/2020, 06:16:57,24.18
168.90.31.193,23/10/2020, 06:17:34,24.18
168.90.31.193,23/10/2020, 06:18:10,23.54
168.90.31.193,23/10/2020, 06:18:46,24.18
168.90.31.193,23/10/2020, 06:19:22,24.18
168.90.31.193,23/10/2020, 06:19:58,24.18
168.90.31.193,23/10/2020, 06:20:35,24.13
168.90.31.193,23/10/2020, 06:21:11,24.18
168.90.31.193,23/10/2020, 06:21:47,24.18
168.90.31.193,23/10/2020, 06:22:24,24.13
168.90.31.193,23/10/2020, 06:23:00,24.18
168.90.31.193,23/10/2020, 06:23:36,23.59
168.90.31.193,23/10/2020, 06:24:12,24.13
168.90.31.193,23/10/2020, 06:24:49,24.22
168.90.31.193,23/10/2020, 06:25:25,24.18
168.90.31.193,23/10/2020, 06:26:01,24.13
168.90.31.193,23/10/2020, 06:26:38,24.18
168.90.31.193,23/10/2020, 06:27:14,24.13
168.90.31.193,23/10/2020, 06:27:50,24.13
168.90.31.193,23/10/2020, 06:28:27,24.13
168.90.31.193,23/10/2020, 06:29:03,24.13
168.90.31.193,23/10/2020, 06:29:39,23.59
168.90.31.193,23/10/2020, 06:30:15,24.13
168.90.31.193,23/10/2020, 06:30:52,24.13
168.90.31.193,23/10/2020, 06:31:28,23.59
168.90.31.193,23/10/2020, 06:32:04,24.13
168.90.31.193,23/10/2020, 06:32:40,24.18
168.90.31.193,23/10/2020, 06:33:16,23.54
168.90.31.193,23/10/2020, 06:33:53,24.13
168.90.31.193,23/10/2020, 06:34:29,24.18
168.90.31.193,23/10/2020, 06:35:05,23.49
168.90.31.193,23/10/2020, 06:35:41,24.13
168.90.31.193,23/10/2020, 06:36:18,24.13
168.90.31.193,23/10/2020, 06:36:54,24.13
168.90.31.193,23/10/2020, 06:37:30,24.13
168.90.31.193,23/10/2020, 06:38:06,24.13
168.90.31.193,23/10/2020, 06:38:43,24.18
168.90.31.193,23/10/2020, 06:39:19,23.59
168.90.31.193,23/10/2020, 06:39:55,24.13
168.90.31.193,23/10/2020, 06:40:31,24.18
168.90.31.193,23/10/2020, 06:41:08,24.13
168.90.31.193,23/10/2020, 06:41:44,24.18
168.90.31.193,23/10/2020, 06:42:20,24.13
168.90.31.193,23/10/2020, 06:42:57,24.13
168.90.31.193,23/10/2020, 06:43:33,24.13
168.90.31.193,23/10/2020, 06:44:09,24.13
168.90.31.193,23/10/2020, 06:44:45,24.18
168.90.31.193,23/10/2020, 06:45:22,24.13
168.90.31.193,23/10/2020, 06:45:58,24.18
168.90.31.193,23/10/2020, 06:46:34,24.13
168.90.31.193,23/10/2020, 06:47:11,24.13
168.90.31.193,23/10/2020, 06:47:47,23.54
168.90.31.193,23/10/2020, 06:48:23,23.49
168.90.31.193,23/10/2020, 06:49:00,24.13
168.90.31.193,23/10/2020, 06:49:36,24.13
168.90.31.193,23/10/2020, 06:50:12,23.54
168.90.31.193,23/10/2020, 06:50:49,23.49
168.90.31.193,23/10/2020, 06:51:25,24.13
168.90.31.193,23/10/2020, 06:52:01,24.13
168.90.31.193,23/10/2020, 06:52:37,24.13
168.90.31.193,23/10/2020, 06:53:14,24.13
168.90.31.193,23/10/2020, 06:53:50,23.49
168.90.31.193,23/10/2020, 06:54:26,23.54
168.90.31.193,23/10/2020, 06:55:02,23.49
168.90.31.193,23/10/2020, 06:55:38,24.13
168.90.31.193,23/10/2020, 06:56:14,24.13
168.90.31.193,23/10/2020, 06:56:51,24.13
168.90.31.193,23/10/2020, 06:57:27,24.13
168.90.31.193,23/10/2020, 06:58:03,24.13
168.90.31.193,23/10/2020, 06:58:39,24.13
168.90.31.193,23/10/2020, 06:59:16,23.49
168.90.31.193,23/10/2020, 06:59:52,23.54
168.90.31.193,23/10/2020, 07:00:28,24.18
168.90.31.193,23/10/2020, 07:01:05,23.49
168.90.31.193,23/10/2020, 07:01:41,24.13
168.90.31.193,23/10/2020, 07:02:17,24.13
168.90.31.193,23/10/2020, 07:02:54,24.13
168.90.31.193,23/10/2020, 07:03:30,24.09
168.90.31.193,23/10/2020, 07:04:06,24.09
168.90.31.193,23/10/2020, 07:04:43,24.13
168.90.31.193,23/10/2020, 07:05:19,24.13
168.90.31.193,23/10/2020, 07:05:55,24.13
168.90.31.193,23/10/2020, 07:06:31,24.13
168.90.31.193,23/10/2020, 07:07:07,24.04
168.90.31.193,23/10/2020, 07:07:44,24.09
168.90.31.193,23/10/2020, 07:08:20,24.09
168.90.31.193,23/10/2020, 07:08:56,24.09
168.90.31.193,23/10/2020, 07:09:33,24.13
168.90.31.193,23/10/2020, 07:10:09,23.49
168.90.31.193,23/10/2020, 07:10:45,24.13
168.90.31.193,23/10/2020, 07:11:22,24.04
168.90.31.193,23/10/2020, 07:11:58,24.04
168.90.31.193,23/10/2020, 07:12:34,24.09
168.90.31.193,23/10/2020, 07:13:11,24.04
168.90.31.193,23/10/2020, 07:13:47,23.45
168.90.31.193,23/10/2020, 07:14:23,23.49
168.90.31.193,23/10/2020, 07:14:59,24.09
168.90.31.193,23/10/2020, 07:15:36,23.49
168.90.31.193,23/10/2020, 07:16:12,23.49
168.90.31.193,23/10/2020, 07:16:48,24.09
168.90.31.193,23/10/2020, 07:17:24,24.09
168.90.31.193,23/10/2020, 07:18:01,24.09
168.90.31.193,23/10/2020, 07:18:37,24.09
168.90.31.193,23/10/2020, 07:19:13,24.13
168.90.31.193,23/10/2020, 07:19:50,23.49
168.90.31.193,23/10/2020, 07:20:26,24.13
168.90.31.193,23/10/2020, 07:21:02,24.09
168.90.31.193,23/10/2020, 07:21:38,24.09
168.90.31.193,23/10/2020, 07:22:14,24.09
168.90.31.193,23/10/2020, 07:22:51,24.13
168.90.31.193,23/10/2020, 07:23:27,24.09
168.90.31.193,23/10/2020, 07:24:03,23.45
168.90.31.193,23/10/2020, 07:24:40,24.13
168.90.31.193,23/10/2020, 07:25:16,23.45
168.90.31.193,23/10/2020, 07:25:52,24.09
168.90.31.193,23/10/2020, 07:26:29,23.49
168.90.31.193,23/10/2020, 07:27:05,24.04
168.90.31.193,23/10/2020, 07:27:41,23.49
168.90.31.193,23/10/2020, 07:28:17,23.45
168.90.31.193,23/10/2020, 07:28:54,24.09
168.90.31.193,23/10/2020, 07:29:30,24.09
168.90.31.193,23/10/2020, 07:30:06,23.45
168.90.31.193,23/10/2020, 07:30:42,24.04
168.90.31.193,23/10/2020, 07:31:19,24.04
168.90.31.193,23/10/2020, 07:31:55,24.09
168.90.31.193,23/10/2020, 07:32:31,23.45
168.90.31.193,23/10/2020, 07:33:08,24.09
168.90.31.193,23/10/2020, 07:33:44,24.04
168.90.31.193,23/10/2020, 07:34:20,24.09
168.90.31.193,23/10/2020, 07:34:57,24.04
168.90.31.193,23/10/2020, 07:35:33,24.09
168.90.31.193,23/10/2020, 07:36:09,24.09
168.90.31.193,23/10/2020, 07:36:46,24.04
168.90.31.193,23/10/2020, 07:37:22,23.45
168.90.31.193,23/10/2020, 07:37:58,24.04
168.90.31.193,23/10/2020, 07:38:34,23.45
168.90.31.193,23/10/2020, 07:39:10,24.04
168.90.31.193,23/10/2020, 07:39:47,24.09
168.90.31.193,23/10/2020, 07:40:23,23.45
168.90.31.193,23/10/2020, 07:40:59,24.09
168.90.31.193,23/10/2020, 07:41:36,24.09
168.90.31.193,23/10/2020, 07:42:12,24.04
168.90.31.193,23/10/2020, 07:42:48,23.45
168.90.31.193,23/10/2020, 07:43:24,24.04
168.90.31.193,23/10/2020, 07:44:00,24.09
168.90.31.193,23/10/2020, 07:44:37,23.45
168.90.31.193,23/10/2020, 07:45:13,24.04
168.90.31.193,23/10/2020, 07:45:49,24.09
168.90.31.193,23/10/2020, 07:46:26,24.04
168.90.31.193,23/10/2020, 07:47:02,23.40
168.90.31.193,23/10/2020, 07:47:38,24.04
168.90.31.193,23/10/2020, 07:48:15,24.04
168.90.31.193,23/10/2020, 07:48:51,24.04
168.90.31.193,23/10/2020, 07:49:27,24.04
168.90.31.193,23/10/2020, 07:50:03,24.09
168.90.31.193,23/10/2020, 07:50:40,24.09
168.90.31.193,23/10/2020, 07:51:16,23.40
168.90.31.193,23/10/2020, 07:51:52,24.00
168.90.31.193,23/10/2020, 07:52:28,23.40
168.90.31.193,23/10/2020, 07:53:04,24.04
168.90.31.193,23/10/2020, 07:53:40,24.00
168.90.31.193,23/10/2020, 07:54:17,24.00
168.90.31.193,23/10/2020, 07:54:53,24.00
168.90.31.193,23/10/2020, 07:55:29,24.04
168.90.31.193,23/10/2020, 07:56:05,24.04
168.90.31.193,23/10/2020, 07:56:42,23.95
168.90.31.193,23/10/2020, 07:57:18,24.00
168.90.31.193,23/10/2020, 07:57:54,24.00
168.90.31.193,23/10/2020, 07:58:30,23.45
168.90.31.193,23/10/2020, 07:59:07,24.04
168.90.31.193,23/10/2020, 07:59:43,23.36
168.90.31.193,23/10/2020, 08:00:19,24.00
168.90.31.193,23/10/2020, 08:00:56,24.00
168.90.31.193,23/10/2020, 08:01:32,24.00
168.90.31.193,23/10/2020, 08:02:08,24.00
168.90.31.193,23/10/2020, 08:02:44,24.04
168.90.31.193,23/10/2020, 08:03:21,23.40
168.90.31.193,23/10/2020, 08:03:57,24.00
168.90.31.193,23/10/2020, 08:04:33,24.00
168.90.31.193,23/10/2020, 08:05:10,24.00
168.90.31.193,23/10/2020, 08:05:46,23.40
168.90.31.193,23/10/2020, 08:06:22,24.00
168.90.31.193,23/10/2020, 08:06:58,24.00
168.90.31.193,23/10/2020, 08:07:34,23.40
168.90.31.193,23/10/2020, 08:08:11,24.04
168.90.31.193,23/10/2020, 08:08:47,24.04
168.90.31.193,23/10/2020, 08:09:24,24.04
168.90.31.193,23/10/2020, 08:10:00,24.00
168.90.31.193,23/10/2020, 08:10:36,24.04
168.90.31.193,23/10/2020, 08:11:12,24.00
168.90.31.193,23/10/2020, 08:11:49,23.45
168.90.31.193,23/10/2020, 08:12:25,23.95
168.90.31.193,23/10/2020, 08:13:01,23.40
168.90.31.193,23/10/2020, 08:13:37,24.04
168.90.31.193,23/10/2020, 08:14:13,24.00
168.90.31.193,23/10/2020, 08:14:50,24.00
168.90.31.193,23/10/2020, 08:15:26,23.36
168.90.31.193,23/10/2020, 08:16:02,24.00
168.90.31.193,23/10/2020, 08:16:38,23.45
168.90.31.193,23/10/2020, 08:17:15,24.00
168.90.31.193,23/10/2020, 08:17:51,23.40
168.90.31.193,23/10/2020, 08:18:27,24.00
168.90.31.193,23/10/2020, 08:19:04,24.04
168.90.31.193,23/10/2020, 08:19:40,24.00
168.90.31.193,23/10/2020, 08:20:16,23.40
168.90.31.193,23/10/2020, 08:20:52,23.40
168.90.31.193,23/10/2020, 08:21:28,24.04
168.90.31.193,23/10/2020, 08:22:05,24.00
168.90.31.193,23/10/2020, 08:22:41,24.04
168.90.31.193,23/10/2020, 08:23:17,24.00
168.90.31.193,23/10/2020, 08:23:54,24.04
168.90.31.193,23/10/2020, 08:24:30,23.40
168.90.31.193,23/10/2020, 08:25:06,24.00
168.90.31.193,23/10/2020, 08:25:42,24.00
168.90.31.193,23/10/2020, 08:26:19,23.49
168.90.31.193,23/10/2020, 08:26:55,24.04
168.90.31.193,23/10/2020, 08:27:31,24.04
168.90.31.193,23/10/2020, 08:28:08,24.00
168.90.31.193,23/10/2020, 08:28:44,24.09
168.90.31.193,23/10/2020, 08:29:20,24.04
168.90.31.193,23/10/2020, 08:29:57,24.04
168.90.31.193,23/10/2020, 08:30:33,23.95
168.90.31.193,23/10/2020, 08:31:09,24.00
168.90.31.193,23/10/2020, 08:31:45,24.00
168.90.31.193,23/10/2020, 08:32:22,23.36
168.90.31.193,23/10/2020, 08:32:58,23.40
168.90.31.193,23/10/2020, 08:33:34,24.00
168.90.31.193,23/10/2020, 08:34:10,24.00
168.90.31.193,23/10/2020, 08:34:46,23.95
168.90.31.193,23/10/2020, 08:35:23,23.40
168.90.31.193,23/10/2020, 08:35:59,23.95
168.90.31.193,23/10/2020, 08:36:35,23.95
168.90.31.193,23/10/2020, 08:37:11,23.40
168.90.31.193,23/10/2020, 08:37:48,24.00
168.90.31.193,23/10/2020, 08:38:24,23.95
168.90.31.193,23/10/2020, 08:39:00,23.36
168.90.31.193,23/10/2020, 08:39:36,23.95
168.90.31.193,23/10/2020, 08:40:13,23.95
168.90.31.193,23/10/2020, 08:40:49,23.95
168.90.31.193,23/10/2020, 08:41:25,23.95
168.90.31.193,23/10/2020, 08:42:01,23.36
168.90.31.193,23/10/2020, 08:42:38,23.95
168.90.31.193,23/10/2020, 08:43:14,23.40
168.90.31.193,23/10/2020, 08:43:50,23.95
168.90.31.193,23/10/2020, 08:44:26,23.95
168.90.31.193,23/10/2020, 08:45:03,23.95
168.90.31.193,23/10/2020, 08:45:39,23.95
168.90.31.193,23/10/2020, 08:46:15,24.00
168.90.31.193,23/10/2020, 08:46:52,24.00
168.90.31.193,23/10/2020, 08:47:28,23.40
168.90.31.193,23/10/2020, 08:48:04,23.95
168.90.31.193,23/10/2020, 08:48:40,23.95
168.90.31.193,23/10/2020, 08:49:16,23.95
168.90.31.193,23/10/2020, 08:49:53,23.95
168.90.31.193,23/10/2020, 08:50:29,23.95
168.90.31.193,23/10/2020, 08:51:06,23.95
168.90.31.193,23/10/2020, 08:51:42,23.36
168.90.31.193,23/10/2020, 08:52:18,23.36
168.90.31.193,23/10/2020, 08:52:54,23.40
168.90.31.193,23/10/2020, 08:53:30,23.40
168.90.31.193,23/10/2020, 08:54:06,23.36
168.90.31.193,23/10/2020, 08:54:42,23.36
168.90.31.193,23/10/2020, 08:55:18,23.36
168.90.31.193,23/10/2020, 08:55:54,23.40
168.90.31.193,23/10/2020, 08:56:30,23.95
168.90.31.193,23/10/2020, 08:57:06,23.36
168.90.31.193,23/10/2020, 08:57:42,23.95
168.90.31.193,23/10/2020, 08:58:19,23.31
168.90.31.193,23/10/2020, 08:58:55,23.95
168.90.31.193,23/10/2020, 08:59:31,23.95
168.90.31.193,23/10/2020, 09:00:07,23.95
168.90.31.193,23/10/2020, 09:00:44,23.91
168.90.31.193,23/10/2020, 09:01:20,23.91
168.90.31.193,23/10/2020, 09:01:56,23.31
168.90.31.193,23/10/2020, 09:02:33,23.95
168.90.31.193,23/10/2020, 09:03:09,23.95
168.90.31.193,23/10/2020, 09:03:45,23.95
168.90.31.193,23/10/2020, 09:04:22,23.91
168.90.31.193,23/10/2020, 09:04:58,23.95
168.90.31.193,23/10/2020, 09:05:34,23.95
168.90.31.193,23/10/2020, 09:06:10,23.36
168.90.31.193,23/10/2020, 09:06:47,23.95
168.90.31.193,23/10/2020, 09:07:23,23.95
168.90.31.193,23/10/2020, 09:08:00,23.95
168.90.31.193,23/10/2020, 09:08:36,23.95
168.90.31.193,23/10/2020, 09:09:12,23.95
168.90.31.193,23/10/2020, 09:09:48,24.00
168.90.31.193,23/10/2020, 09:10:25,23.95
168.90.31.193,23/10/2020, 09:11:01,23.95
168.90.31.193,23/10/2020, 09:11:37,23.36
168.90.31.193,23/10/2020, 09:12:13,23.40
168.90.31.193,23/10/2020, 09:12:49,23.91
168.90.31.193,23/10/2020, 09:13:26,23.31
168.90.31.193,23/10/2020, 09:14:02,23.95
168.90.31.193,23/10/2020, 09:14:38,23.95
168.90.31.193,23/10/2020, 09:15:14,23.40
168.90.31.193,23/10/2020, 09:15:51,23.91
168.90.31.193,23/10/2020, 09:16:27,23.36
168.90.31.193,23/10/2020, 09:17:03,23.91
168.90.31.193,23/10/2020, 09:17:39,23.95
168.90.31.193,23/10/2020, 09:18:16,23.95
168.90.31.193,23/10/2020, 09:18:52,23.95
168.90.31.193,23/10/2020, 09:19:28,23.95
168.90.31.193,23/10/2020, 09:20:04,23.31
168.90.31.193,23/10/2020, 09:20:40,23.95
168.90.31.193,23/10/2020, 09:21:17,23.91
168.90.31.193,23/10/2020, 09:21:53,23.91
168.90.31.193,23/10/2020, 09:22:29,23.27
168.90.31.193,23/10/2020, 09:23:05,23.91
168.90.31.193,23/10/2020, 09:23:42,23.91
168.90.31.193,23/10/2020, 09:24:18,23.95
168.90.31.193,23/10/2020, 09:24:54,23.36
168.90.31.193,23/10/2020, 09:25:30,23.36
168.90.31.193,23/10/2020, 09:26:07,23.91
168.90.31.193,23/10/2020, 09:26:43,23.91
168.90.31.193,23/10/2020, 09:27:19,23.95
168.90.31.193,23/10/2020, 09:27:55,23.95
168.90.31.193,23/10/2020, 09:28:32,23.91
168.90.31.193,23/10/2020, 09:29:08,23.27
168.90.31.193,23/10/2020, 09:29:44,23.95
168.90.31.193,23/10/2020, 09:30:20,23.95
168.90.31.193,23/10/2020, 09:30:57,23.36
168.90.31.193,23/10/2020, 09:31:33,23.31
168.90.31.193,23/10/2020, 09:32:09,23.91
168.90.31.193,23/10/2020, 09:32:46,23.91
168.90.31.193,23/10/2020, 09:33:22,23.91
168.90.31.193,23/10/2020, 09:33:59,23.91
168.90.31.193,23/10/2020, 09:34:35,23.31
168.90.31.193,23/10/2020, 09:35:11,23.31
168.90.31.193,23/10/2020, 09:35:47,23.91
168.90.31.193,23/10/2020, 09:36:23,23.91
168.90.31.193,23/10/2020, 09:37:00,23.95
168.90.31.193,23/10/2020, 09:37:37,23.95
168.90.31.193,23/10/2020, 09:38:13,23.40
168.90.31.193,23/10/2020, 09:38:49,23.95
168.90.31.193,23/10/2020, 09:39:26,23.95
168.90.31.193,23/10/2020, 09:40:02,23.95
168.90.31.193,23/10/2020, 09:40:38,23.91
168.90.31.193,23/10/2020, 09:41:15,23.91
168.90.31.193,23/10/2020, 09:41:52,23.91
168.90.31.193,23/10/2020, 09:42:29,23.91
168.90.31.193,23/10/2020, 09:43:05,23.95
168.90.31.193,23/10/2020, 09:43:41,23.31
168.90.31.193,23/10/2020, 09:44:18,23.91
168.90.31.193,23/10/2020, 09:44:54,23.91
168.90.31.193,23/10/2020, 09:45:30,23.86
168.90.31.193,23/10/2020, 09:46:07,23.86
168.90.31.193,23/10/2020, 09:46:43,23.91
168.90.31.193,23/10/2020, 09:47:19,23.95
168.90.31.193,23/10/2020, 09:47:55,23.36
168.90.31.193,23/10/2020, 09:48:32,23.91
168.90.31.193,23/10/2020, 09:49:08,23.91
168.90.31.193,23/10/2020, 09:49:45,23.95
168.90.31.193,23/10/2020, 09:50:21,23.91
168.90.31.193,23/10/2020, 09:50:57,23.91
168.90.31.193,23/10/2020, 09:51:33,23.91
168.90.31.193,23/10/2020, 09:52:10,23.95
168.90.31.193,23/10/2020, 09:52:46,23.91
168.90.31.193,23/10/2020, 09:53:25,23.95
168.90.31.193,23/10/2020, 09:54:02,23.31
168.90.31.193,23/10/2020, 09:54:38,23.95
168.90.31.193,23/10/2020, 09:55:14,23.95
168.90.31.193,23/10/2020, 09:55:50,23.95
168.90.31.193,23/10/2020, 09:56:27,23.95
168.90.31.193,23/10/2020, 09:57:03,23.31
168.90.31.193,23/10/2020, 09:57:39,24.00
168.90.31.193,23/10/2020, 09:58:16,24.00
168.90.31.193,23/10/2020, 09:58:52,23.95
168.90.31.193,23/10/2020, 09:59:28,23.95
168.90.31.193,23/10/2020, 10:00:05,23.91
168.90.31.193,23/10/2020, 10:00:41,23.31
168.90.31.193,23/10/2020, 10:01:17,23.91
168.90.31.193,23/10/2020, 10:01:53,23.40
168.90.31.193,23/10/2020, 10:02:29,23.36
168.90.31.193,23/10/2020, 10:03:06,23.36
168.90.31.193,23/10/2020, 10:03:42,23.95
168.90.31.193,23/10/2020, 10:04:18,24.00
168.90.31.193,23/10/2020, 10:04:55,24.00
168.90.31.193,23/10/2020, 10:05:31,23.95
168.90.31.193,23/10/2020, 10:06:07,23.95
168.90.31.193,23/10/2020, 10:06:43,23.91
168.90.31.193,23/10/2020, 10:07:19,23.95
168.90.31.193,23/10/2020, 10:07:56,23.95
168.90.31.193,23/10/2020, 10:08:32,23.36
168.90.31.193,23/10/2020, 10:09:08,23.36
168.90.31.193,23/10/2020, 10:09:44,24.00
168.90.31.193,23/10/2020, 10:10:20,24.04
168.90.31.193,23/10/2020, 10:10:57,24.00
168.90.31.193,23/10/2020, 10:11:33,23.91
168.90.31.193,23/10/2020, 10:12:09,23.95
168.90.31.193,23/10/2020, 10:12:45,23.36
168.90.31.193,23/10/2020, 10:13:22,23.95
168.90.31.193,23/10/2020, 10:13:58,23.91
168.90.31.193,23/10/2020, 10:14:35,24.00
168.90.31.193,23/10/2020, 10:15:11,23.95
168.90.31.193,23/10/2020, 10:15:47,24.00
168.90.31.193,23/10/2020, 10:16:24,24.00
168.90.31.193,23/10/2020, 10:17:00,23.36
168.90.31.193,23/10/2020, 10:17:36,23.95
168.90.31.193,23/10/2020, 10:18:12,23.95
168.90.31.193,23/10/2020, 10:18:49,23.95
168.90.31.193,23/10/2020, 10:19:25,23.31
168.90.31.193,23/10/2020, 10:20:01,23.95
168.90.31.193,23/10/2020, 10:20:37,24.00
168.90.31.193,23/10/2020, 10:21:13,23.95
168.90.31.193,23/10/2020, 10:30:39,23.36
168.90.31.193,23/10/2020, 10:31:15,23.91
168.90.31.193,23/10/2020, 10:31:52,23.40
168.90.31.193,23/10/2020, 10:32:28,23.91
168.90.31.193,23/10/2020, 10:33:04,23.95
168.90.31.193,23/10/2020, 10:33:40,23.36
168.90.31.193,23/10/2020, 10:34:17,24.00
168.90.31.193,23/10/2020, 10:34:53,23.95
168.90.31.193,23/10/2020, 10:35:29,24.00
168.90.31.193,23/10/2020, 10:36:06,23.91
168.90.31.193,23/10/2020, 10:36:42,23.36
168.90.31.193,23/10/2020, 10:37:18,23.86
168.90.31.193,23/10/2020, 10:37:55,23.95
168.90.31.193,23/10/2020, 10:38:31,23.95
168.90.31.193,23/10/2020, 10:39:07,23.91
168.90.31.193,23/10/2020, 10:39:43,23.95
168.90.31.193,23/10/2020, 10:40:20,23.31
168.90.31.193,23/10/2020, 10:40:56,23.31
168.90.31.193,23/10/2020, 10:41:32,23.91
168.90.31.193,23/10/2020, 10:42:09,23.36
168.90.31.193,23/10/2020, 10:42:45,23.95
168.90.31.193,23/10/2020, 10:43:21,23.36
168.90.31.193,23/10/2020, 10:43:57,23.91
168.90.31.193,23/10/2020, 10:44:33,23.91
168.90.31.193,23/10/2020, 10:45:10,23.91
168.90.31.193,23/10/2020, 10:45:46,23.95
168.90.31.193,23/10/2020, 10:46:23,24.00
168.90.31.193,23/10/2020, 10:46:59,23.95
168.90.31.193,23/10/2020, 10:47:35,23.95
168.90.31.193,23/10/2020, 10:48:12,24.00
168.90.31.193,23/10/2020, 10:48:48,23.95
168.90.31.193,23/10/2020, 10:49:24,24.00
168.90.31.193,23/10/2020, 10:50:01,24.00
168.90.31.193,23/10/2020, 10:50:37,24.00
168.90.31.193,23/10/2020, 10:51:13,24.00
168.90.31.193,23/10/2020, 10:51:50,24.04
168.90.31.193,23/10/2020, 10:52:26,23.40
168.90.31.193,23/10/2020, 10:53:02,24.00
168.90.31.193,23/10/2020, 10:53:38,24.00
168.90.31.193,23/10/2020, 10:54:14,23.36
168.90.31.193,23/10/2020, 10:54:51,23.95
168.90.31.193,23/10/2020, 10:55:27,24.00
168.90.31.193,23/10/2020, 10:56:04,23.95
168.90.31.193,23/10/2020, 10:56:40,24.00
168.90.31.193,23/10/2020, 10:57:16,24.00
168.90.31.193,23/10/2020, 10:57:52,23.45
168.90.31.193,23/10/2020, 10:58:28,24.04
168.90.31.193,23/10/2020, 10:59:05,24.00
168.90.31.193,23/10/2020, 10:59:41,24.04
168.90.31.193,23/10/2020, 11:00:17,24.00
168.90.31.193,23/10/2020, 11:00:54,23.40
168.90.31.193,23/10/2020, 11:01:30,24.04
168.90.31.193,23/10/2020, 11:02:06,24.00
168.90.31.193,23/10/2020, 11:02:42,23.31
168.90.31.193,23/10/2020, 11:03:18,24.04
168.90.31.193,23/10/2020, 11:03:55,23.95
168.90.31.193,23/10/2020, 11:04:31,23.95
168.90.31.193,23/10/2020, 11:05:07,24.09
168.90.31.104,23/10/2020, 11:06:19,24.04
168.90.31.104,23/10/2020, 11:06:55,23.45
168.90.31.104,23/10/2020, 11:07:31,24.04
168.90.31.104,23/10/2020, 11:08:08,24.00
168.90.31.104,23/10/2020, 11:08:44,24.00
168.90.31.104,23/10/2020, 11:09:20,24.00
168.90.31.104,23/10/2020, 11:09:56,24.04
168.90.31.104,23/10/2020, 11:10:33,24.04
168.90.31.104,23/10/2020, 11:11:09,24.00
168.90.31.104,23/10/2020, 11:11:46,24.00
168.90.31.104,23/10/2020, 11:12:22,24.04
168.90.31.104,23/10/2020, 11:12:58,24.00
168.90.31.104,23/10/2020, 11:13:35,23.95
168.90.31.104,23/10/2020, 11:14:11,24.00
168.90.31.104,23/10/2020, 11:14:47,24.00
168.90.31.104,23/10/2020, 11:15:24,24.04
168.90.31.104,23/10/2020, 11:16:00,23.40
168.90.31.104,23/10/2020, 11:16:36,23.40
168.90.31.104,23/10/2020, 11:17:12,24.00
168.90.31.104,23/10/2020, 11:17:48,24.04
168.90.31.104,23/10/2020, 11:18:25,23.95
168.90.31.104,23/10/2020, 11:19:01,24.00
168.90.31.104,23/10/2020, 11:19:37,24.00
168.90.31.104,23/10/2020, 11:20:14,24.00
168.90.31.104,23/10/2020, 11:20:50,24.04
168.90.31.104,23/10/2020, 11:21:26,24.04
168.90.31.104,23/10/2020, 11:22:02,24.00
168.90.31.104,23/10/2020, 11:22:39,24.00
168.90.31.104,23/10/2020, 11:23:15,23.95
168.90.31.104,23/10/2020, 11:23:51,24.00
168.90.31.104,23/10/2020, 11:24:27,23.95
168.90.31.104,23/10/2020, 11:25:04,24.04
168.90.31.104,23/10/2020, 11:25:40,23.40
168.90.31.104,23/10/2020, 11:26:16,23.95
168.90.31.104,23/10/2020, 11:26:52,23.40
168.90.31.104,23/10/2020, 11:27:29,24.00
168.90.31.104,23/10/2020, 11:28:05,23.40
168.90.31.104,23/10/2020, 11:28:41,24.00
168.90.31.104,23/10/2020, 11:29:17,23.95
168.90.31.104,23/10/2020, 11:29:54,24.00
168.90.31.104,23/10/2020, 11:30:30,23.95
168.90.31.104,23/10/2020, 11:31:06,23.95
168.90.31.104,23/10/2020, 11:31:42,23.40
168.90.31.104,23/10/2020, 11:32:18,23.40
168.90.31.104,23/10/2020, 11:32:55,23.95
168.90.31.104,23/10/2020, 11:33:31,24.04
168.90.31.104,23/10/2020, 11:34:07,23.40
168.90.31.104,23/10/2020, 11:34:43,23.40
168.90.31.104,23/10/2020, 11:35:20,23.95
168.90.31.104,23/10/2020, 11:35:56,24.00
168.90.31.104,23/10/2020, 11:36:32,23.95
168.90.31.104,23/10/2020, 11:37:08,23.95
168.90.31.104,23/10/2020, 11:37:45,23.95
168.90.31.104,23/10/2020, 11:38:21,23.95
168.90.31.104,23/10/2020, 11:38:57,24.00
168.90.31.104,23/10/2020, 11:39:34,24.04
168.90.31.104,23/10/2020, 11:40:10,24.00
168.90.31.104,23/10/2020, 11:40:46,24.00
168.90.31.104,23/10/2020, 11:41:23,24.00
168.90.31.104,23/10/2020, 11:41:59,23.40
168.90.31.104,23/10/2020, 11:42:35,24.00
168.90.31.104,23/10/2020, 11:43:11,24.00
168.90.31.104,23/10/2020, 11:43:48,24.00
168.90.31.104,23/10/2020, 11:44:24,24.04
168.90.31.104,23/10/2020, 11:45:00,23.40
168.90.31.104,23/10/2020, 11:45:37,24.00
168.90.31.104,23/10/2020, 11:46:13,24.00
168.90.31.104,23/10/2020, 11:46:49,24.00
168.90.31.104,23/10/2020, 11:47:26,24.00
168.90.31.104,23/10/2020, 11:48:02,23.40
168.90.31.104,23/10/2020, 11:48:38,24.00
168.90.31.104,23/10/2020, 11:49:14,23.95
168.90.31.104,23/10/2020, 11:49:51,24.04
168.90.31.104,23/10/2020, 11:50:27,24.04
168.90.31.104,23/10/2020, 11:51:03,24.04
168.90.31.104,23/10/2020, 11:51:39,23.45
168.90.31.104,23/10/2020, 11:52:16,24.13
168.90.31.104,23/10/2020, 11:52:52,24.09
168.90.31.104,23/10/2020, 11:53:28,24.09
168.90.31.104,23/10/2020, 11:54:04,24.04
168.90.31.104,23/10/2020, 11:54:41,24.00
168.90.31.104,23/10/2020, 11:55:17,23.95
168.90.31.104,23/10/2020, 11:55:53,24.04
168.90.31.104,23/10/2020, 11:56:30,23.95
168.90.31.104,23/10/2020, 11:57:06,23.40
168.90.31.104,23/10/2020, 11:57:43,23.36
168.90.31.104,23/10/2020, 11:58:19,23.95
168.90.31.104,23/10/2020, 11:58:55,23.36
168.90.31.104,23/10/2020, 11:59:31,23.95
168.90.31.104,23/10/2020, 12:00:08,24.04
168.90.31.104,23/10/2020, 12:00:44,24.00
168.90.31.104,23/10/2020, 12:01:20,23.95
168.90.31.104,23/10/2020, 12:01:57,24.00
168.90.31.104,23/10/2020, 12:02:33,24.00
168.90.31.104,23/10/2020, 12:03:09,23.40
168.90.31.104,23/10/2020, 12:03:45,23.40
168.90.31.104,23/10/2020, 12:04:21,24.00
168.90.31.104,23/10/2020, 12:04:58,24.00
168.90.31.104,23/10/2020, 12:05:34,23.95
168.90.31.104,23/10/2020, 12:06:10,23.36
168.90.31.104,23/10/2020, 12:06:46,23.95
168.90.31.104,23/10/2020, 12:07:23,23.95
168.90.31.104,23/10/2020, 12:07:59,23.95
168.90.31.104,23/10/2020, 12:08:35,24.00
168.90.31.104,23/10/2020, 12:09:11,23.95
168.90.31.104,23/10/2020, 12:09:48,23.95
168.90.31.104,23/10/2020, 12:10:24,23.95
168.90.31.104,23/10/2020, 12:11:01,23.91
168.90.31.104,23/10/2020, 12:11:37,23.36
168.90.31.104,23/10/2020, 12:12:13,23.91
168.90.31.104,23/10/2020, 12:12:49,23.31
168.90.31.104,23/10/2020, 12:13:26,23.86
168.90.31.104,23/10/2020, 12:14:02,23.86
168.90.31.104,23/10/2020, 12:14:38,23.86
168.90.31.104,23/10/2020, 12:15:15,23.81
168.90.31.104,23/10/2020, 12:15:51,23.86
168.90.31.104,23/10/2020, 12:16:27,23.81
168.90.31.104,23/10/2020, 12:17:03,23.81
168.90.31.104,23/10/2020, 12:17:40,23.81
168.90.31.104,23/10/2020, 12:18:16,23.18
168.90.31.104,23/10/2020, 12:18:52,23.81
168.90.31.104,23/10/2020, 12:19:29,23.81
168.90.31.104,23/10/2020, 12:20:05,23.81
168.90.31.104,23/10/2020, 12:20:41,23.81
168.90.31.104,23/10/2020, 12:21:18,23.81
168.90.31.104,23/10/2020, 12:21:54,23.81
168.90.31.104,23/10/2020, 12:22:30,23.81
168.90.31.104,23/10/2020, 12:23:06,23.27
168.90.31.104,23/10/2020, 12:23:42,23.81
168.90.31.104,23/10/2020, 12:24:19,23.86
168.90.31.104,23/10/2020, 12:24:55,23.22
168.90.31.104,23/10/2020, 12:25:31,23.22
168.90.31.104,23/10/2020, 12:26:08,23.81
168.90.31.104,23/10/2020, 12:26:44,23.81
168.90.31.104,23/10/2020, 12:27:20,23.86
168.90.31.104,23/10/2020, 12:27:56,23.86
168.90.31.104,23/10/2020, 12:28:33,23.86
168.90.31.104,23/10/2020, 12:29:09,23.91
168.90.31.104,23/10/2020, 12:29:46,23.91
168.90.31.104,23/10/2020, 12:30:22,23.86
168.90.31.104,23/10/2020, 12:30:58,23.81
168.90.31.104,23/10/2020, 12:31:34,23.86
168.90.31.104,23/10/2020, 12:32:10,23.22
168.90.31.104,23/10/2020, 12:32:47,23.81
168.90.31.104,23/10/2020, 12:33:23,23.77
168.90.31.104,23/10/2020, 12:33:59,23.81
168.90.31.104,23/10/2020, 12:34:36,23.81
168.90.31.104,23/10/2020, 12:35:12,23.81
168.90.31.104,23/10/2020, 12:35:48,23.81
168.90.31.104,23/10/2020, 12:36:24,23.22
168.90.31.104,23/10/2020, 12:37:00,23.81
168.90.31.104,23/10/2020, 12:37:37,23.81
168.90.31.104,23/10/2020, 12:38:13,23.81
168.90.31.104,23/10/2020, 12:38:49,23.81
168.90.31.104,23/10/2020, 12:39:25,23.81
168.90.31.104,23/10/2020, 12:40:02,23.77
168.90.31.104,23/10/2020, 12:40:38,23.18
168.90.31.104,23/10/2020, 12:41:14,23.81
168.90.31.104,23/10/2020, 12:41:51,23.22
168.90.31.104,23/10/2020, 12:42:27,23.81
168.90.31.104,23/10/2020, 12:43:03,23.77
168.90.31.104,23/10/2020, 12:43:39,23.77
168.90.31.104,23/10/2020, 12:44:15,23.13
168.90.31.104,23/10/2020, 12:44:52,23.77
168.90.31.104,23/10/2020, 12:45:28,23.77
168.90.31.104,23/10/2020, 12:46:04,23.81
168.90.31.104,23/10/2020, 12:46:41,23.81
168.90.31.104,23/10/2020, 12:47:17,23.77
168.90.31.104,23/10/2020, 12:47:54,23.77
168.90.31.104,23/10/2020, 12:48:30,23.18
168.90.31.104,23/10/2020, 12:49:06,23.18
168.90.31.104,23/10/2020, 12:49:42,23.81
168.90.31.104,23/10/2020, 12:50:19,23.81
168.90.31.104,23/10/2020, 12:50:55,23.81
168.90.31.104,23/10/2020, 12:51:31,23.81
168.90.31.104,23/10/2020, 12:52:08,23.81
168.90.31.104,23/10/2020, 12:52:44,23.81
168.90.31.104,23/10/2020, 12:53:20,23.86
168.90.31.104,23/10/2020, 12:53:57,23.81
168.90.31.104,23/10/2020, 12:54:33,23.77
168.90.31.104,23/10/2020, 12:55:09,23.77
168.90.31.104,23/10/2020, 12:55:45,23.81
168.90.31.104,23/10/2020, 12:56:22,23.81
168.90.31.104,23/10/2020, 12:56:58,23.81
168.90.31.104,23/10/2020, 12:57:34,23.77
168.90.31.104,23/10/2020, 12:58:11,23.77
168.90.31.104,23/10/2020, 12:58:47,23.81
168.90.31.104,23/10/2020, 12:59:23,23.18
168.90.31.104,23/10/2020, 12:59:59,23.77
168.90.31.104,23/10/2020, 13:00:35,23.18
168.90.31.104,23/10/2020, 13:01:11,23.77
168.90.31.104,23/10/2020, 13:01:48,23.77
168.90.31.104,23/10/2020, 13:02:24,23.77
168.90.31.104,23/10/2020, 13:03:00,23.22
168.90.31.104,23/10/2020, 13:03:37,23.81
168.90.31.104,23/10/2020, 13:04:13,23.18
168.90.31.104,23/10/2020, 13:04:49,23.81
168.90.31.104,23/10/2020, 13:05:25,23.77
168.90.31.104,23/10/2020, 13:06:01,23.81
168.90.31.104,23/10/2020, 13:06:38,23.81
168.90.31.104,23/10/2020, 13:07:14,23.81
168.90.31.104,23/10/2020, 13:07:50,23.22
168.90.31.104,23/10/2020, 13:08:26,23.81
168.90.31.104,23/10/2020, 13:09:03,23.77
168.90.31.104,23/10/2020, 13:09:39,23.77
168.90.31.104,23/10/2020, 13:10:15,23.77
168.90.31.104,23/10/2020, 13:10:51,23.77
168.90.31.104,23/10/2020, 13:11:28,23.72
168.90.31.104,23/10/2020, 13:12:04,23.77
168.90.31.104,23/10/2020, 13:12:40,23.18
168.90.31.104,23/10/2020, 13:13:17,23.81
168.90.31.104,23/10/2020, 13:13:53,23.18
168.90.31.104,23/10/2020, 13:14:29,23.81
168.90.31.104,23/10/2020, 13:15:06,23.81
168.90.31.104,23/10/2020, 13:15:42,23.77
168.90.31.104,23/10/2020, 13:16:18,23.81
168.90.31.104,23/10/2020, 13:16:54,23.81
168.90.31.104,23/10/2020, 13:17:31,23.77
168.90.31.104,23/10/2020, 13:18:07,23.81
168.90.31.104,23/10/2020, 13:18:43,23.18
168.90.31.104,23/10/2020, 13:19:20,23.81
168.90.31.104,23/10/2020, 13:19:56,23.77
168.90.31.104,23/10/2020, 13:20:32,23.77
168.90.31.104,23/10/2020, 13:21:09,23.81
168.90.31.104,23/10/2020, 13:21:45,23.81
168.90.31.104,23/10/2020, 13:22:21,23.77
168.90.31.104,23/10/2020, 13:22:57,23.77
168.90.31.104,23/10/2020, 13:23:34,23.77
168.90.31.104,23/10/2020, 13:24:10,23.77
168.90.31.104,23/10/2020, 13:24:46,23.77
168.90.31.104,23/10/2020, 13:25:23,23.81
168.90.31.104,23/10/2020, 13:25:59,23.22
168.90.31.104,23/10/2020, 13:26:35,23.77
168.90.31.104,23/10/2020, 13:27:11,23.77
168.90.31.104,23/10/2020, 13:27:47,23.77
168.90.31.104,23/10/2020, 13:28:23,23.18
168.90.31.104,23/10/2020, 13:29:00,23.77
168.90.31.104,23/10/2020, 13:29:36,23.81
168.90.31.104,23/10/2020, 13:30:13,23.81
168.90.31.104,23/10/2020, 13:30:49,23.77
168.90.31.104,23/10/2020, 13:31:25,23.18
168.90.31.104,23/10/2020, 13:32:01,23.77
168.90.31.104,23/10/2020, 13:32:37,23.81
168.90.31.104,23/10/2020, 13:33:14,23.81
168.90.31.104,23/10/2020, 13:33:50,23.22
168.90.31.104,23/10/2020, 13:34:26,23.77
168.90.31.104,23/10/2020, 13:35:02,23.77
168.90.31.104,23/10/2020, 13:35:39,23.77
168.90.31.104,23/10/2020, 13:36:15,23.77
168.90.31.104,23/10/2020, 13:36:52,23.77
168.90.31.104,23/10/2020, 13:37:28,23.77
168.90.31.104,23/10/2020, 13:38:04,23.81
168.90.31.104,23/10/2020, 13:38:41,23.81
168.90.31.104,23/10/2020, 13:39:17,23.81
168.90.31.104,23/10/2020, 13:39:53,23.18
168.90.31.104,23/10/2020, 13:40:29,23.81
168.90.31.104,23/10/2020, 13:41:05,23.81
168.90.31.104,23/10/2020, 13:41:42,23.81
168.90.31.104,23/10/2020, 13:42:18,23.81
168.90.31.104,23/10/2020, 13:42:54,23.81
168.90.31.104,23/10/2020, 13:43:31,23.77
168.90.31.104,23/10/2020, 13:44:07,23.81
168.90.31.104,23/10/2020, 13:44:43,23.81
168.90.31.104,23/10/2020, 13:45:19,23.22
168.90.31.104,23/10/2020, 13:45:56,23.81
168.90.31.104,23/10/2020, 13:46:32,23.81
168.90.31.104,23/10/2020, 13:47:08,23.81
168.90.31.104,23/10/2020, 13:47:45,23.18
168.90.31.104,23/10/2020, 13:48:21,23.81
168.90.31.104,23/10/2020, 13:48:57,23.81
168.90.31.104,23/10/2020, 13:49:33,23.81
168.90.31.104,23/10/2020, 13:50:10,23.81
168.90.31.104,23/10/2020, 13:50:46,23.77
168.90.31.104,23/10/2020, 13:51:22,23.81
168.90.31.104,23/10/2020, 13:51:58,23.81
168.90.31.104,23/10/2020, 13:52:35,23.81
168.90.31.104,23/10/2020, 13:53:11,23.81
168.90.31.104,23/10/2020, 13:53:47,23.81
168.90.31.104,23/10/2020, 13:54:24,23.81
168.90.31.104,23/10/2020, 13:55:00,23.77
168.90.31.104,23/10/2020, 13:55:36,23.18
168.90.31.104,23/10/2020, 13:56:12,23.22
168.90.31.104,23/10/2020, 13:56:49,23.81
168.90.31.104,23/10/2020, 13:57:25,23.77
168.90.31.104,23/10/2020, 13:58:01,23.81
168.90.31.104,23/10/2020, 13:58:38,23.81
168.90.31.104,23/10/2020, 13:59:14,23.81
168.90.31.104,23/10/2020, 13:59:50,23.81
168.90.31.104,23/10/2020, 14:00:27,23.86
168.90.31.104,23/10/2020, 14:01:03,23.81
168.90.31.104,23/10/2020, 14:01:40,23.81
168.90.31.104,23/10/2020, 14:02:16,23.86
168.90.31.104,23/10/2020, 14:02:52,23.81
168.90.31.104,23/10/2020, 14:03:29,23.81
168.90.31.104,23/10/2020, 14:04:05,23.86
168.90.31.104,23/10/2020, 14:04:41,23.81
168.90.31.104,23/10/2020, 14:05:18,23.81
168.90.31.104,23/10/2020, 14:05:54,23.81
168.90.31.104,23/10/2020, 14:06:30,23.22
168.90.31.104,23/10/2020, 14:07:07,23.81
168.90.31.104,23/10/2020, 14:07:43,23.81
168.90.31.104,23/10/2020, 14:08:19,23.86
168.90.31.104,23/10/2020, 14:08:55,23.81
168.90.31.104,23/10/2020, 14:09:32,23.81
168.90.31.104,23/10/2020, 14:10:08,23.22
168.90.31.104,23/10/2020, 14:10:44,23.77
168.90.31.104,23/10/2020, 14:11:20,23.13
168.90.31.104,23/10/2020, 14:11:57,23.77
168.90.31.104,23/10/2020, 14:12:33,23.77
168.90.31.104,23/10/2020, 14:13:09,23.77
168.90.31.104,23/10/2020, 14:13:46,23.77
168.90.31.104,23/10/2020, 14:14:22,23.77
168.90.31.104,23/10/2020, 14:14:58,23.81
168.90.31.104,23/10/2020, 14:15:35,23.81
168.90.31.104,23/10/2020, 14:16:11,23.77
168.90.31.104,23/10/2020, 14:16:47,23.81
168.90.31.104,23/10/2020, 14:17:24,23.18
168.90.31.104,23/10/2020, 14:18:00,23.18
168.90.31.104,23/10/2020, 14:18:36,23.81
168.90.31.104,23/10/2020, 14:19:12,23.22
168.90.31.104,23/10/2020, 14:19:49,23.81
168.90.31.104,23/10/2020, 14:20:25,23.81
168.90.31.104,23/10/2020, 14:21:01,23.81
168.90.31.104,23/10/2020, 14:21:38,23.22
168.90.31.104,23/10/2020, 14:22:14,23.81
168.90.31.104,23/10/2020, 14:22:50,23.81
168.90.31.104,23/10/2020, 14:23:27,23.81
168.90.31.104,23/10/2020, 14:24:03,23.86
168.90.31.104,23/10/2020, 14:24:39,23.22
168.90.31.104,23/10/2020, 14:25:15,23.81
168.90.31.104,23/10/2020, 14:25:51,23.81
168.90.31.104,23/10/2020, 14:26:28,23.81
168.90.31.104,23/10/2020, 14:27:04,23.81
168.90.31.104,23/10/2020, 14:27:40,23.81
168.90.31.104,23/10/2020, 14:28:17,23.81
168.90.31.104,23/10/2020, 14:28:53,23.86
168.90.31.104,23/10/2020, 14:29:29,23.86
168.90.31.104,23/10/2020, 14:30:05,23.81
168.90.31.104,23/10/2020, 14:30:42,23.22
168.90.31.104,23/10/2020, 14:31:18,23.81
168.90.31.104,23/10/2020, 14:31:54,23.22
168.90.31.104,23/10/2020, 14:32:30,23.81
168.90.31.104,23/10/2020, 14:33:06,23.86
168.90.31.104,23/10/2020, 14:33:43,23.91
168.90.31.104,23/10/2020, 14:34:19,23.22
168.90.31.104,23/10/2020, 14:34:55,23.81
168.90.31.104,23/10/2020, 14:35:32,23.86
168.90.31.104,23/10/2020, 14:36:08,23.86
168.90.31.104,23/10/2020, 14:36:44,23.27
168.90.31.104,23/10/2020, 14:37:20,23.86
168.90.31.104,23/10/2020, 14:37:57,23.91
168.90.31.104,23/10/2020, 14:38:33,23.91
168.90.31.104,23/10/2020, 14:39:09,23.86
168.90.31.104,23/10/2020, 14:39:46,23.86
168.90.31.104,23/10/2020, 14:40:22,23.86
168.90.31.104,23/10/2020, 14:40:58,23.86
168.90.31.104,23/10/2020, 14:41:34,23.86
168.90.31.104,23/10/2020, 14:42:10,23.86
168.90.31.104,23/10/2020, 14:42:47,23.27
168.90.31.104,23/10/2020, 14:43:23,23.31
168.90.31.104,23/10/2020, 14:43:59,23.91
168.90.31.104,23/10/2020, 14:44:36,23.86
168.90.31.104,23/10/2020, 14:45:12,23.91
168.90.31.104,23/10/2020, 14:45:48,23.27
168.90.31.104,23/10/2020, 14:46:25,23.86
168.90.31.104,23/10/2020, 14:47:01,23.91
168.90.31.104,23/10/2020, 14:47:37,23.91
168.90.31.104,23/10/2020, 14:48:13,23.91
168.90.31.104,23/10/2020, 14:48:50,23.95
168.90.31.104,23/10/2020, 14:49:26,23.91
168.90.31.104,23/10/2020, 14:50:02,23.91
168.90.31.104,23/10/2020, 14:50:38,23.91
168.90.31.104,23/10/2020, 14:51:15,23.91
168.90.31.104,23/10/2020, 14:51:51,23.31
168.90.31.104,23/10/2020, 14:52:27,24.00
168.90.31.104,23/10/2020, 14:53:04,23.95
168.90.31.104,23/10/2020, 14:53:40,24.00
168.90.31.104,23/10/2020, 14:54:16,23.40
168.90.31.104,23/10/2020, 14:54:52,23.95
168.90.31.104,23/10/2020, 14:55:29,23.91
168.90.31.104,23/10/2020, 14:56:05,24.00
168.90.31.104,23/10/2020, 14:56:41,23.95
168.90.31.104,23/10/2020, 14:57:18,23.36
168.90.31.104,23/10/2020, 14:57:54,23.91
168.90.31.104,23/10/2020, 14:58:30,24.00
168.90.31.104,23/10/2020, 14:59:07,23.95
168.90.31.104,23/10/2020, 14:59:43,23.95
168.90.31.104,23/10/2020, 15:00:19,23.31
168.90.31.104,23/10/2020, 15:00:56,23.91
168.90.31.104,23/10/2020, 15:01:32,24.00
168.90.31.104,23/10/2020, 15:02:08,23.40
168.90.31.104,23/10/2020, 15:02:44,24.00
168.90.31.104,23/10/2020, 15:03:21,23.95
168.90.31.104,23/10/2020, 15:03:57,24.00
168.90.31.104,23/10/2020, 15:04:33,24.00
168.90.31.104,23/10/2020, 15:05:10,23.95
168.90.31.104,23/10/2020, 15:05:46,23.95
168.90.31.104,23/10/2020, 15:06:22,23.95
168.90.31.104,23/10/2020, 15:06:58,23.36
168.90.31.104,23/10/2020, 15:07:35,23.95
168.90.31.104,23/10/2020, 15:08:11,23.95
168.90.31.104,23/10/2020, 15:08:47,24.00
168.90.31.104,23/10/2020, 15:09:23,24.00
168.90.31.104,23/10/2020, 15:10:00,24.00
168.90.31.104,23/10/2020, 15:10:36,24.00
168.90.31.104,23/10/2020, 15:11:12,23.95
168.90.31.104,23/10/2020, 15:11:49,24.00
168.90.31.104,23/10/2020, 15:12:25,24.00
168.90.31.104,23/10/2020, 15:13:01,23.95
168.90.31.104,23/10/2020, 15:13:38,24.00
168.90.31.104,23/10/2020, 15:14:14,24.04
168.90.31.104,23/10/2020, 15:14:50,23.40
168.90.31.104,23/10/2020, 15:15:26,24.04
168.90.31.104,23/10/2020, 15:16:03,24.04
168.90.31.104,23/10/2020, 15:16:39,24.04
168.90.31.104,23/10/2020, 15:17:15,24.04
168.90.31.104,23/10/2020, 15:17:52,24.04
168.90.31.104,23/10/2020, 15:18:28,24.00
168.90.31.104,23/10/2020, 15:19:04,23.45
168.90.31.104,23/10/2020, 15:19:40,24.04
168.90.31.104,23/10/2020, 15:20:16,24.09
168.90.31.104,23/10/2020, 15:20:53,24.04
168.90.31.104,23/10/2020, 15:21:29,24.09
168.90.31.104,23/10/2020, 15:22:05,24.04
168.90.31.104,23/10/2020, 15:22:41,24.09
168.90.31.104,23/10/2020, 15:23:17,24.04
168.90.31.104,23/10/2020, 15:23:54,24.09
168.90.31.104,23/10/2020, 15:24:30,23.45
168.90.31.104,23/10/2020, 15:25:06,24.09
168.90.31.104,23/10/2020, 15:25:42,23.49
168.90.31.104,23/10/2020, 15:26:18,24.09
168.90.31.104,23/10/2020, 15:26:54,23.45
168.90.31.104,23/10/2020, 15:27:31,24.09
168.90.31.104,23/10/2020, 15:28:07,24.09
168.90.31.104,23/10/2020, 15:28:43,24.09
168.90.31.104,23/10/2020, 15:29:19,24.09
168.90.31.104,23/10/2020, 15:29:56,24.09
168.90.31.104,23/10/2020, 15:30:32,24.09
168.90.31.104,23/10/2020, 15:31:08,24.09
168.90.31.104,23/10/2020, 15:31:45,24.09
168.90.31.104,23/10/2020, 15:32:21,24.09
168.90.31.104,23/10/2020, 15:32:57,23.49
168.90.31.104,23/10/2020, 15:33:34,24.09
168.90.31.104,23/10/2020, 15:34:10,24.09
168.90.31.104,23/10/2020, 15:34:46,24.13
168.90.31.104,23/10/2020, 15:35:22,23.49
168.90.31.104,23/10/2020, 15:35:59,24.09
168.90.31.104,23/10/2020, 15:36:35,24.13
168.90.31.104,23/10/2020, 15:37:11,23.49
168.90.31.104,23/10/2020, 15:37:47,23.49
168.90.31.104,23/10/2020, 15:38:23,24.09
168.90.31.104,23/10/2020, 15:39:00,24.13
168.90.31.104,23/10/2020, 15:39:36,24.13
168.90.31.104,23/10/2020, 15:40:13,24.13
168.90.31.104,23/10/2020, 15:40:49,24.09
168.90.31.104,23/10/2020, 15:41:25,24.13
168.90.31.104,23/10/2020, 15:42:01,24.13
168.90.31.104,23/10/2020, 15:42:38,24.13
168.90.31.104,23/10/2020, 15:43:14,24.13
168.90.31.104,23/10/2020, 15:43:50,23.54
168.90.31.104,23/10/2020, 15:44:27,24.18
168.90.31.104,23/10/2020, 15:45:03,24.13
168.90.31.104,23/10/2020, 15:45:39,24.18
168.90.31.104,23/10/2020, 15:46:15,24.18
168.90.31.104,23/10/2020, 15:46:52,24.18
168.90.31.104,23/10/2020, 15:47:28,24.22
168.90.31.104,23/10/2020, 15:48:04,24.22
168.90.31.104,23/10/2020, 15:48:41,24.18
168.90.31.104,23/10/2020, 15:49:17,24.18
168.90.31.104,23/10/2020, 15:49:53,24.18
168.90.31.104,23/10/2020, 15:50:30,24.18
168.90.31.104,23/10/2020, 15:51:06,24.18
168.90.31.104,23/10/2020, 15:51:42,23.54
168.90.31.104,23/10/2020, 15:52:19,24.13
168.90.31.104,23/10/2020, 15:52:55,24.09
168.90.31.104,23/10/2020, 15:53:31,24.13
168.90.31.104,23/10/2020, 15:54:08,24.09
168.90.31.104,23/10/2020, 15:54:44,24.09
168.90.31.104,23/10/2020, 15:55:20,24.04
168.90.31.104,23/10/2020, 15:55:57,24.09
168.90.31.104,23/10/2020, 15:56:33,24.09
168.90.31.104,23/10/2020, 15:57:09,24.09
168.90.31.104,23/10/2020, 15:57:46,24.09
168.90.31.104,23/10/2020, 15:58:22,24.04
168.90.31.104,23/10/2020, 15:58:58,24.04
168.90.31.104,23/10/2020, 15:59:35,24.04
168.90.31.104,23/10/2020, 16:00:11,23.45
168.90.31.104,23/10/2020, 16:00:47,24.09
168.90.31.104,23/10/2020, 16:01:23,24.04
168.90.31.104,23/10/2020, 16:02:00,24.04
168.90.31.104,23/10/2020, 16:02:36,24.04
168.90.31.104,23/10/2020, 16:03:12,24.04
168.90.31.104,23/10/2020, 16:03:48,24.04
168.90.31.104,23/10/2020, 16:04:25,24.04
168.90.31.104,23/10/2020, 16:05:01,23.45
168.90.31.104,23/10/2020, 16:05:37,24.09
168.90.31.104,23/10/2020, 16:06:13,24.09
168.90.31.104,23/10/2020, 16:06:49,23.45
168.90.31.104,23/10/2020, 16:07:25,24.09
168.90.31.104,23/10/2020, 16:08:01,23.45
168.90.31.104,23/10/2020, 16:08:38,24.09
168.90.31.104,23/10/2020, 16:09:14,24.09
168.90.31.104,23/10/2020, 16:09:50,24.04
168.90.31.104,23/10/2020, 16:10:27,24.04
168.90.31.104,23/10/2020, 16:11:03,24.09
168.90.31.104,23/10/2020, 16:11:39,24.04
168.90.31.104,23/10/2020, 16:12:16,24.04
168.90.31.104,23/10/2020, 16:12:52,24.04
168.90.31.104,23/10/2020, 16:13:28,24.04
168.90.31.104,23/10/2020, 16:14:05,24.09
168.90.31.104,23/10/2020, 16:14:41,24.04
168.90.31.104,23/10/2020, 16:15:17,23.45
168.90.31.104,23/10/2020, 16:15:54,24.04
168.90.31.104,23/10/2020, 16:16:30,24.04
168.90.31.104,23/10/2020, 16:17:06,24.04
168.90.31.104,23/10/2020, 16:17:42,24.04
168.90.31.104,23/10/2020, 16:18:18,24.09
168.90.31.104,23/10/2020, 16:18:55,24.04
168.90.31.104,23/10/2020, 16:19:31,23.45
168.90.31.104,23/10/2020, 16:20:07,24.04
168.90.31.104,23/10/2020, 16:20:44,24.09
168.90.31.104,23/10/2020, 16:21:20,24.04
168.90.31.104,23/10/2020, 16:21:56,24.04
168.90.31.104,23/10/2020, 16:22:33,24.13
168.90.31.104,23/10/2020, 16:23:09,24.04
168.90.31.104,23/10/2020, 16:23:45,24.09
168.90.31.104,23/10/2020, 16:24:21,24.04
168.90.31.104,23/10/2020, 16:24:57,24.09
168.90.31.104,23/10/2020, 16:25:33,24.09
168.90.31.104,23/10/2020, 16:26:10,24.04
168.90.31.104,23/10/2020, 16:26:46,24.09
168.90.31.104,23/10/2020, 16:27:22,24.09
168.90.31.104,23/10/2020, 16:27:59,24.04
168.90.31.104,23/10/2020, 16:28:35,24.09
168.90.31.104,23/10/2020, 16:29:11,24.04
168.90.31.104,23/10/2020, 16:29:47,23.45
168.90.31.104,23/10/2020, 16:30:23,24.13
168.90.31.104,23/10/2020, 16:31:00,24.09
168.90.31.104,23/10/2020, 16:31:36,23.49
168.90.31.104,23/10/2020, 16:32:12,24.13
168.90.31.104,23/10/2020, 16:32:49,24.13
168.90.31.104,23/10/2020, 16:33:25,23.54
168.90.31.104,23/10/2020, 16:34:01,24.18
168.90.31.104,23/10/2020, 16:34:37,24.22
168.90.31.104,23/10/2020, 16:35:14,24.22
168.90.31.104,23/10/2020, 16:35:50,24.27
168.90.31.104,23/10/2020, 16:36:26,23.59
168.90.31.104,23/10/2020, 16:37:03,24.22
168.90.31.104,23/10/2020, 16:37:39,23.63
168.90.31.104,23/10/2020, 16:38:15,23.68
168.90.31.104,23/10/2020, 16:38:51,23.72
168.90.31.104,23/10/2020, 16:39:27,23.68
168.90.31.104,23/10/2020, 16:40:03,24.27
168.90.31.104,23/10/2020, 16:40:39,24.27
168.90.31.104,23/10/2020, 16:41:15,24.27
168.90.31.104,23/10/2020, 16:41:52,24.32
168.90.31.104,23/10/2020, 16:42:28,24.27
168.90.31.104,23/10/2020, 16:43:04,23.68
168.90.31.104,23/10/2020, 16:43:41,24.32
168.90.31.104,23/10/2020, 16:44:17,24.32
168.90.31.104,23/10/2020, 16:44:53,24.27
168.90.31.104,23/10/2020, 16:45:30,23.68
168.90.31.104,23/10/2020, 16:46:06,24.27
168.90.31.104,23/10/2020, 16:46:42,24.27
168.90.31.104,23/10/2020, 16:47:19,24.27
168.90.31.104,23/10/2020, 16:47:55,24.27
168.90.31.104,23/10/2020, 16:48:31,24.32
168.90.31.104,23/10/2020, 16:49:08,23.68
168.90.31.104,23/10/2020, 16:49:44,24.27
168.90.31.104,23/10/2020, 16:50:20,24.27
168.90.31.104,23/10/2020, 16:50:57,23.72
168.90.31.104,23/10/2020, 16:51:34,24.27
168.90.31.104,23/10/2020, 16:52:10,24.27
168.90.31.104,23/10/2020, 16:52:46,24.32
168.90.31.104,23/10/2020, 16:53:23,24.27
168.90.31.104,23/10/2020, 16:53:59,24.32
168.90.31.104,23/10/2020, 16:54:35,24.32
168.90.31.104,23/10/2020, 16:55:12,24.27
168.90.31.104,23/10/2020, 16:55:48,24.32
168.90.31.104,23/10/2020, 16:56:24,24.32
168.90.31.104,23/10/2020, 16:57:01,24.32
168.90.31.104,23/10/2020, 16:57:37,24.32
168.90.31.104,23/10/2020, 16:58:13,24.32
168.90.31.104,23/10/2020, 16:58:50,24.32
168.90.31.104,23/10/2020, 16:59:26,24.36
168.90.31.104,23/10/2020, 17:00:02,23.77
168.90.31.104,23/10/2020, 17:00:38,24.36
168.90.31.104,23/10/2020, 17:01:14,24.32
168.90.31.104,23/10/2020, 17:01:51,24.32
168.90.31.104,23/10/2020, 17:02:27,24.36
168.90.31.104,23/10/2020, 17:03:03,24.41
168.90.31.104,23/10/2020, 17:03:40,23.81
168.90.31.104,23/10/2020, 17:04:16,24.36
168.90.31.104,23/10/2020, 17:04:52,24.36
168.90.31.104,23/10/2020, 17:05:29,24.32
168.90.31.104,23/10/2020, 17:06:05,24.36
168.90.31.104,23/10/2020, 17:06:41,24.36
168.90.31.104,23/10/2020, 17:07:18,24.41
168.90.31.104,23/10/2020, 17:07:54,24.36
168.90.31.104,23/10/2020, 17:08:30,23.77
168.90.31.104,23/10/2020, 17:09:07,24.32
168.90.31.104,23/10/2020, 17:09:43,24.36
168.90.31.104,23/10/2020, 17:10:19,23.77
168.90.31.104,23/10/2020, 17:10:56,23.77
168.90.31.104,23/10/2020, 17:11:32,24.36
168.90.31.104,23/10/2020, 17:12:08,24.36
168.90.31.104,23/10/2020, 17:12:45,24.41
168.90.31.104,23/10/2020, 17:13:21,23.72
168.90.31.104,23/10/2020, 17:13:57,24.36
168.90.31.104,23/10/2020, 17:14:33,23.77
168.90.31.104,23/10/2020, 17:15:09,23.77
168.90.31.104,23/10/2020, 17:15:46,24.36
168.90.31.104,23/10/2020, 17:16:22,24.36
168.90.31.104,23/10/2020, 17:16:58,24.36
168.90.31.104,23/10/2020, 17:17:35,23.81
168.90.31.104,23/10/2020, 17:18:11,24.41
168.90.31.104,23/10/2020, 17:18:48,24.45
168.90.31.104,23/10/2020, 17:19:24,24.41
168.90.31.104,23/10/2020, 17:20:00,24.45
168.90.31.104,23/10/2020, 17:20:37,24.41
168.90.31.104,23/10/2020, 17:21:13,23.77
168.90.31.104,23/10/2020, 17:21:49,24.41
168.90.31.104,23/10/2020, 17:22:25,24.36
168.90.31.104,23/10/2020, 17:23:02,24.45
168.90.31.104,23/10/2020, 17:23:38,23.81
168.90.31.104,23/10/2020, 17:24:14,23.81
168.90.31.104,23/10/2020, 17:24:50,24.41
168.90.31.104,23/10/2020, 17:25:27,24.41
168.90.31.104,23/10/2020, 17:26:03,23.81
168.90.31.104,23/10/2020, 17:26:39,24.41
168.90.31.104,23/10/2020, 17:27:15,23.77
168.90.31.104,23/10/2020, 17:27:52,24.45
168.90.31.104,23/10/2020, 17:28:28,24.45
168.90.31.104,23/10/2020, 17:29:04,24.45
168.90.31.104,23/10/2020, 17:29:41,24.45
168.90.31.104,23/10/2020, 17:30:17,23.81
168.90.31.104,23/10/2020, 17:30:53,24.45
168.90.31.104,23/10/2020, 17:31:29,24.45
168.90.31.104,23/10/2020, 17:32:06,24.45
168.90.31.104,23/10/2020, 17:32:42,24.41
168.90.31.104,23/10/2020, 17:33:18,24.45
168.90.31.104,23/10/2020, 17:33:55,24.45
168.90.31.104,23/10/2020, 17:34:31,24.45
168.90.31.104,23/10/2020, 17:35:07,24.45
168.90.31.104,23/10/2020, 17:35:44,24.41
168.90.31.104,23/10/2020, 17:36:20,24.45
168.90.31.104,23/10/2020, 17:36:56,23.86
168.90.31.104,23/10/2020, 17:37:33,24.50
168.90.31.104,23/10/2020, 17:38:09,24.45
168.90.31.104,23/10/2020, 17:38:45,23.86
168.90.31.104,23/10/2020, 17:39:21,24.50
168.90.31.104,23/10/2020, 17:39:58,24.50
168.90.31.104,23/10/2020, 17:40:34,24.50
168.90.31.104,23/10/2020, 17:41:10,24.45
168.90.31.104,23/10/2020, 17:41:46,24.45
168.90.31.104,23/10/2020, 17:42:23,24.45
168.90.31.104,23/10/2020, 17:42:59,24.45
168.90.31.104,23/10/2020, 17:43:35,24.50
168.90.31.104,23/10/2020, 17:44:11,24.50
168.90.31.104,23/10/2020, 17:44:48,24.45
168.90.31.104,23/10/2020, 17:45:24,24.50
168.90.31.104,23/10/2020, 17:46:01,24.45
168.90.31.104,23/10/2020, 17:46:37,24.50
168.90.31.104,23/10/2020, 17:47:13,24.45
168.90.31.104,23/10/2020, 17:47:50,24.50
168.90.31.104,23/10/2020, 17:48:26,24.50
168.90.31.104,23/10/2020, 17:49:02,23.86
168.90.31.104,23/10/2020, 17:49:38,24.50
168.90.31.104,23/10/2020, 17:50:15,24.50
168.90.31.104,23/10/2020, 17:50:51,24.50
168.90.31.104,23/10/2020, 17:51:27,24.45
168.90.31.104,23/10/2020, 17:52:03,23.91
168.90.31.104,23/10/2020, 17:52:40,24.50
168.90.31.104,23/10/2020, 17:53:16,24.50
168.90.31.104,23/10/2020, 17:53:52,24.50
168.90.31.104,23/10/2020, 17:54:28,24.50
168.90.31.104,23/10/2020, 17:55:05,24.50
168.90.31.104,23/10/2020, 17:55:41,24.50
168.90.31.104,23/10/2020, 17:56:17,23.86
168.90.31.104,23/10/2020, 17:56:53,24.45
168.90.31.104,23/10/2020, 17:57:30,24.50
168.90.31.104,23/10/2020, 17:58:06,24.50
168.90.31.104,23/10/2020, 17:58:42,23.86
168.90.31.104,23/10/2020, 17:59:18,24.50
168.90.31.104,23/10/2020, 17:59:55,23.81
168.90.31.104,23/10/2020, 18:00:31,24.50
168.90.31.104,23/10/2020, 18:01:07,24.54
168.90.31.104,23/10/2020, 18:01:44,24.50
168.90.31.104,23/10/2020, 18:02:20,24.54
168.90.31.104,23/10/2020, 18:02:56,24.54
168.90.31.104,23/10/2020, 18:03:32,24.50
168.90.31.104,23/10/2020, 18:04:09,24.50
168.90.31.104,23/10/2020, 18:04:45,24.50
168.90.31.104,23/10/2020, 18:05:21,24.50
168.90.31.104,23/10/2020, 18:05:57,23.86
168.90.31.104,23/10/2020, 18:06:34,24.50
168.90.31.104,23/10/2020, 18:07:10,24.50
168.90.31.104,23/10/2020, 18:07:46,24.54
168.90.31.104,23/10/2020, 18:08:23,24.54
168.90.31.104,23/10/2020, 18:09:00,24.45
168.90.31.104,23/10/2020, 18:09:36,24.45
168.90.31.104,23/10/2020, 18:10:12,24.50
168.90.31.104,23/10/2020, 18:10:48,24.50
168.90.31.104,23/10/2020, 18:11:25,24.50
168.90.31.104,23/10/2020, 18:12:01,23.91
168.90.31.104,23/10/2020, 18:12:38,24.54
168.90.31.104,23/10/2020, 18:13:15,23.86
168.90.31.104,23/10/2020, 18:13:51,24.50
168.90.31.104,23/10/2020, 18:14:27,24.50
168.90.31.104,23/10/2020, 18:15:03,24.54
168.90.31.104,23/10/2020, 18:15:40,24.54
168.90.31.104,23/10/2020, 18:16:16,24.54
168.90.31.104,23/10/2020, 18:16:52,24.50
168.90.31.104,23/10/2020, 18:17:29,24.54
168.90.31.104,23/10/2020, 18:18:05,23.95
168.90.31.104,23/10/2020, 18:18:41,24.54
168.90.31.104,23/10/2020, 18:19:18,24.54
168.90.31.104,23/10/2020, 18:19:54,24.54
168.90.31.104,23/10/2020, 18:20:30,24.54
168.90.31.104,23/10/2020, 18:21:07,24.54
168.90.31.104,23/10/2020, 18:21:43,24.54
168.90.31.104,23/10/2020, 18:22:19,23.91
168.90.31.104,23/10/2020, 18:22:55,24.54
168.90.31.104,23/10/2020, 18:23:32,24.54
168.90.31.104,23/10/2020, 18:24:08,24.54
168.90.31.104,23/10/2020, 18:24:44,24.54
168.90.31.104,23/10/2020, 18:25:21,24.54
168.90.31.104,23/10/2020, 18:25:57,24.54
168.90.31.104,23/10/2020, 18:26:33,23.95
168.90.31.104,23/10/2020, 18:27:10,24.59
168.90.31.104,23/10/2020, 18:27:46,24.59
168.90.31.104,23/10/2020, 18:28:22,23.95
168.90.31.104,23/10/2020, 18:28:59,24.59
168.90.31.104,23/10/2020, 18:29:35,24.59
168.90.31.104,23/10/2020, 18:30:11,24.59
168.90.31.104,23/10/2020, 18:30:47,23.91
168.90.31.104,23/10/2020, 18:31:24,24.54
168.90.31.104,23/10/2020, 18:32:00,24.59
168.90.31.104,23/10/2020, 18:32:36,24.54
168.90.31.104,23/10/2020, 18:33:13,24.54
168.90.31.104,23/10/2020, 18:33:49,24.59
168.90.31.104,23/10/2020, 18:34:25,24.59
168.90.31.104,23/10/2020, 18:35:02,24.59
168.90.31.104,23/10/2020, 18:35:38,24.59
168.90.31.104,23/10/2020, 18:36:14,24.54
168.90.31.104,23/10/2020, 18:36:50,23.95
168.90.31.104,23/10/2020, 18:37:27,24.59
168.90.31.104,23/10/2020, 18:38:03,24.64
168.90.31.104,23/10/2020, 18:38:39,24.59
168.90.31.104,23/10/2020, 18:39:16,24.59
168.90.31.104,23/10/2020, 18:39:52,24.59
168.90.31.104,23/10/2020, 18:40:28,24.59
168.90.31.104,23/10/2020, 18:41:04,24.64
168.90.31.104,23/10/2020, 18:41:40,24.04
168.90.31.104,23/10/2020, 18:42:17,24.64
168.90.31.104,23/10/2020, 18:42:53,24.59
168.90.31.104,23/10/2020, 18:43:29,24.59
168.90.31.104,23/10/2020, 18:44:06,24.04
168.90.31.104,23/10/2020, 18:44:42,24.59
168.90.31.104,23/10/2020, 18:45:18,24.04
168.90.31.104,23/10/2020, 18:45:54,24.64
168.90.31.104,23/10/2020, 18:46:31,24.64
168.90.31.104,23/10/2020, 18:47:07,24.59
168.90.31.104,23/10/2020, 18:47:43,24.64
168.90.31.104,23/10/2020, 18:48:19,24.64
168.90.31.104,23/10/2020, 18:48:56,24.64
168.90.31.104,23/10/2020, 18:49:32,24.04
168.90.31.104,23/10/2020, 18:50:08,24.00
168.90.31.104,23/10/2020, 18:50:44,24.00
168.90.31.104,23/10/2020, 18:51:20,24.00
168.90.31.104,23/10/2020, 18:51:57,24.59
168.90.31.104,23/10/2020, 18:52:33,24.00
168.90.31.104,23/10/2020, 18:53:09,24.09
168.90.31.104,23/10/2020, 18:53:45,24.04
168.90.31.104,23/10/2020, 18:54:21,24.64
168.90.31.104,23/10/2020, 18:54:57,24.64
168.90.31.104,23/10/2020, 18:55:34,24.64
168.90.31.104,23/10/2020, 18:56:10,24.64
168.90.31.104,23/10/2020, 18:56:46,24.64
168.90.31.104,23/10/2020, 18:57:22,24.64
168.90.31.104,23/10/2020, 18:57:59,24.04
168.90.31.104,23/10/2020, 18:58:35,24.64
168.90.31.104,23/10/2020, 18:59:12,24.68
168.90.31.104,23/10/2020, 18:59:48,24.04
168.90.31.104,23/10/2020, 19:00:24,24.04
168.90.31.104,23/10/2020, 19:01:00,24.00
168.90.31.104,23/10/2020, 19:01:36,24.04
168.90.31.104,23/10/2020, 19:02:12,24.04
168.90.31.104,23/10/2020, 19:02:48,24.04
168.90.31.104,23/10/2020, 19:03:24,24.04
168.90.31.104,23/10/2020, 19:04:00,24.04
168.90.31.104,23/10/2020, 19:04:36,24.64
168.90.31.104,23/10/2020, 19:05:13,24.64
168.90.31.104,23/10/2020, 19:05:49,24.64
168.90.31.104,23/10/2020, 19:06:25,24.68
168.90.31.104,23/10/2020, 19:07:02,24.68
168.90.31.104,23/10/2020, 19:07:38,24.64
168.90.31.104,23/10/2020, 19:08:14,24.64
168.90.31.104,23/10/2020, 19:08:51,24.64
168.90.31.104,23/10/2020, 19:09:27,24.64
168.90.31.104,23/10/2020, 19:10:03,24.68
168.90.31.104,23/10/2020, 19:10:39,24.64
168.90.31.104,23/10/2020, 19:11:15,24.00
168.90.31.104,23/10/2020, 19:11:52,24.68
168.90.31.104,23/10/2020, 19:12:28,24.64
168.90.31.104,23/10/2020, 19:13:04,24.64
168.90.31.104,23/10/2020, 19:13:41,24.64
168.90.31.104,23/10/2020, 19:14:17,24.68
168.90.31.104,23/10/2020, 19:14:53,24.64
168.90.31.104,23/10/2020, 19:15:29,24.68
168.90.31.104,23/10/2020, 19:16:06,24.68
168.90.31.104,23/10/2020, 19:16:42,24.04
168.90.31.104,23/10/2020, 19:17:18,24.68
168.90.31.104,23/10/2020, 19:17:54,24.64
168.90.31.104,23/10/2020, 19:18:31,24.09
168.90.31.104,23/10/2020, 19:19:07,24.68
168.90.31.104,23/10/2020, 19:19:43,24.68
168.90.31.104,23/10/2020, 19:20:20,24.68
168.90.31.104,23/10/2020, 19:20:56,24.68
168.90.31.104,23/10/2020, 19:21:32,24.68
168.90.31.104,23/10/2020, 19:22:09,24.68
168.90.31.104,23/10/2020, 19:22:45,24.68
168.90.31.104,23/10/2020, 19:23:21,24.68
168.90.31.104,23/10/2020, 19:23:58,24.64
168.90.31.104,23/10/2020, 19:24:34,24.68
168.90.31.104,23/10/2020, 19:25:10,24.13
168.90.31.104,23/10/2020, 19:25:46,24.68
168.90.31.104,23/10/2020, 19:26:23,24.04
168.90.31.104,23/10/2020, 19:26:59,24.68
168.90.31.104,23/10/2020, 19:27:35,24.68
168.90.31.104,23/10/2020, 19:28:11,24.68
168.90.31.104,23/10/2020, 19:28:47,24.09
168.90.31.104,23/10/2020, 19:29:24,24.64
168.90.31.104,23/10/2020, 19:30:00,24.04
168.90.31.104,23/10/2020, 19:30:36,24.68
168.90.31.104,23/10/2020, 19:31:12,24.09
168.90.31.104,23/10/2020, 19:31:48,24.13
168.90.31.104,23/10/2020, 19:32:25,24.09
168.90.31.104,23/10/2020, 19:33:01,24.64
168.90.31.104,23/10/2020, 19:33:37,24.68
168.90.31.104,23/10/2020, 19:34:14,24.68
168.90.31.104,23/10/2020, 19:34:50,24.68
168.90.31.104,23/10/2020, 19:35:26,24.64
168.90.31.104,23/10/2020, 19:36:02,24.64
168.90.31.104,23/10/2020, 19:36:39,24.68
168.90.31.104,23/10/2020, 19:37:15,24.64
168.90.31.104,23/10/2020, 19:37:51,24.64
168.90.31.104,23/10/2020, 19:38:28,24.09
168.90.31.104,23/10/2020, 19:39:04,24.64
168.90.31.104,23/10/2020, 19:39:40,24.64
168.90.31.104,23/10/2020, 19:40:17,24.64
168.90.31.104,23/10/2020, 19:40:53,24.68
168.90.31.104,23/10/2020, 19:41:29,24.64
168.90.31.104,23/10/2020, 19:42:05,24.68
168.90.31.104,23/10/2020, 19:42:42,24.68
168.90.31.104,23/10/2020, 19:43:18,24.68
168.90.31.104,23/10/2020, 19:43:55,24.68
168.90.31.104,23/10/2020, 19:44:31,24.68
168.90.31.104,23/10/2020, 19:45:07,24.68
168.90.31.104,23/10/2020, 19:45:44,24.64
168.90.31.104,23/10/2020, 19:46:20,24.68
168.90.31.104,23/10/2020, 19:46:56,24.68
168.90.31.104,23/10/2020, 19:47:32,24.64
168.90.31.104,23/10/2020, 19:48:09,24.04
168.90.31.104,23/10/2020, 19:48:45,24.64
168.90.31.104,23/10/2020, 19:49:21,24.64
168.90.31.104,23/10/2020, 19:49:57,24.04
168.90.31.104,23/10/2020, 19:50:33,24.64
168.90.31.104,23/10/2020, 19:51:10,24.64
168.90.31.104,23/10/2020, 19:51:46,24.68
168.90.31.104,23/10/2020, 19:52:22,24.68
168.90.31.104,23/10/2020, 19:52:58,24.68
168.90.31.104,23/10/2020, 19:53:35,24.68
168.90.31.104,23/10/2020, 19:54:11,24.68
168.90.31.104,23/10/2020, 19:54:47,24.68
168.90.31.104,23/10/2020, 19:55:24,24.68
168.90.31.104,23/10/2020, 19:56:00,24.68
168.90.31.104,23/10/2020, 19:56:36,24.68
168.90.31.104,23/10/2020, 19:57:13,24.68
168.90.31.104,23/10/2020, 19:57:49,24.68
168.90.31.104,23/10/2020, 19:58:25,24.68
168.90.31.104,23/10/2020, 19:59:02,24.68
168.90.31.104,23/10/2020, 19:59:38,24.68
168.90.31.104,23/10/2020, 20:00:14,24.13
168.90.31.104,23/10/2020, 20:00:50,24.68
168.90.31.104,23/10/2020, 20:01:27,24.73
168.90.31.104,23/10/2020, 20:02:03,24.68
168.90.31.104,23/10/2020, 20:02:39,24.68
168.90.31.104,23/10/2020, 20:03:16,24.68
168.90.31.104,23/10/2020, 20:03:52,24.68
168.90.31.104,23/10/2020, 20:04:28,24.09
168.90.31.104,23/10/2020, 20:05:04,24.68
168.90.31.104,23/10/2020, 20:05:41,24.68
168.90.31.104,23/10/2020, 20:06:17,24.64
168.90.31.104,23/10/2020, 20:06:53,24.68
168.90.31.104,23/10/2020, 20:07:30,24.68
168.90.31.104,23/10/2020, 20:08:06,24.68
168.90.31.104,23/10/2020, 20:08:42,24.04
168.90.31.104,23/10/2020, 20:09:19,24.09
168.90.31.104,23/10/2020, 20:09:55,24.68
168.90.31.104,23/10/2020, 20:10:31,24.68
168.90.31.104,23/10/2020, 20:11:08,24.68
168.90.31.104,23/10/2020, 20:11:44,24.68
168.90.31.104,23/10/2020, 20:12:20,24.73
168.90.31.104,23/10/2020, 20:12:56,24.68
168.90.31.104,23/10/2020, 20:13:32,24.68
168.90.31.104,23/10/2020, 20:14:09,24.68
168.90.31.104,23/10/2020, 20:14:45,24.68
168.90.31.104,23/10/2020, 20:15:21,24.73
168.90.31.104,23/10/2020, 20:15:57,24.13
168.90.31.104,23/10/2020, 20:16:33,24.13
168.90.31.104,23/10/2020, 20:17:10,24.13
168.90.31.104,23/10/2020, 20:17:46,24.68
168.90.31.104,23/10/2020, 20:18:22,24.68
168.90.31.104,23/10/2020, 20:18:59,24.13
168.90.31.104,23/10/2020, 20:19:35,24.68
168.90.31.104,23/10/2020, 20:20:11,24.68
168.90.31.104,23/10/2020, 20:20:47,24.73
168.90.31.104,23/10/2020, 20:21:24,24.73
168.90.31.104,23/10/2020, 20:22:00,24.18
168.90.31.104,23/10/2020, 20:22:36,24.13
168.90.31.104,23/10/2020, 20:23:13,24.73
168.90.31.104,23/10/2020, 20:23:49,24.68
168.90.31.104,23/10/2020, 20:24:25,24.68
168.90.31.104,23/10/2020, 20:25:01,24.68
168.90.31.104,23/10/2020, 20:25:38,24.73
168.90.31.104,23/10/2020, 20:26:14,24.68
168.90.31.104,23/10/2020, 20:26:50,24.73
168.90.31.104,23/10/2020, 20:27:26,24.13
168.90.31.104,23/10/2020, 20:28:03,24.73
168.90.31.104,23/10/2020, 20:28:39,24.73
168.90.31.104,23/10/2020, 20:29:15,24.73
168.90.31.104,23/10/2020, 20:29:52,24.68
168.90.31.104,23/10/2020, 20:30:28,24.73
168.90.31.104,23/10/2020, 20:31:04,24.68
168.90.31.104,23/10/2020, 20:31:40,24.73
168.90.31.104,23/10/2020, 20:32:17,24.73
168.90.31.104,23/10/2020, 20:32:53,24.68
168.90.31.104,23/10/2020, 20:33:29,24.68
168.90.31.104,23/10/2020, 20:34:05,24.68
168.90.31.104,23/10/2020, 20:34:41,24.73
168.90.31.104,23/10/2020, 20:35:18,24.18
168.90.31.104,23/10/2020, 20:35:54,24.68
168.90.31.104,23/10/2020, 20:36:30,24.73
168.90.31.104,23/10/2020, 20:37:07,24.73
168.90.31.104,23/10/2020, 20:37:43,24.73
168.90.31.104,23/10/2020, 20:38:19,24.73
168.90.31.104,23/10/2020, 20:38:56,24.68
168.90.31.104,23/10/2020, 20:39:32,24.68
168.90.31.104,23/10/2020, 20:40:09,24.73
168.90.31.104,23/10/2020, 20:40:45,24.68
168.90.31.104,23/10/2020, 20:41:21,24.73
168.90.31.104,23/10/2020, 20:41:58,24.73
168.90.31.104,23/10/2020, 20:42:34,24.73
168.90.31.104,23/10/2020, 20:43:10,24.73
168.90.31.104,23/10/2020, 20:43:47,24.73
168.90.31.104,23/10/2020, 20:44:23,24.13
168.90.31.104,23/10/2020, 20:44:59,24.73
168.90.31.104,23/10/2020, 20:45:35,24.77
168.90.31.104,23/10/2020, 20:46:12,24.77
168.90.31.104,23/10/2020, 20:46:48,24.73
168.90.31.104,23/10/2020, 20:47:24,24.73
168.90.31.104,23/10/2020, 20:48:00,24.73
168.90.31.104,23/10/2020, 20:48:37,24.73
168.90.31.104,23/10/2020, 20:49:13,24.73
168.90.31.104,23/10/2020, 20:49:49,24.68
168.90.31.104,23/10/2020, 20:50:26,24.68
168.90.31.104,23/10/2020, 20:51:02,24.68
168.90.31.104,23/10/2020, 20:51:38,24.73
168.90.31.104,23/10/2020, 20:52:15,24.73
168.90.31.104,23/10/2020, 20:52:51,24.73
168.90.31.104,23/10/2020, 20:53:27,24.73
168.90.31.104,23/10/2020, 20:54:03,24.77
168.90.31.104,23/10/2020, 20:54:40,24.73
168.90.31.104,23/10/2020, 20:55:16,24.77
168.90.31.104,23/10/2020, 20:55:52,24.77
168.90.31.104,23/10/2020, 20:56:28,24.77
168.90.31.104,23/10/2020, 20:57:05,24.77
168.90.31.104,23/10/2020, 20:57:41,24.73
168.90.31.104,23/10/2020, 20:58:17,24.77
168.90.31.104,23/10/2020, 20:58:53,24.73
168.90.31.104,23/10/2020, 20:59:30,24.73
168.90.31.104,23/10/2020, 21:00:06,24.73
168.90.31.104,23/10/2020, 21:00:42,24.13
168.90.31.104,23/10/2020, 21:01:18,24.73
168.90.31.104,23/10/2020, 21:01:55,24.68
168.90.31.104,23/10/2020, 21:02:31,24.73
168.90.31.104,23/10/2020, 21:03:07,24.68
168.90.31.104,23/10/2020, 21:03:44,24.68
168.90.31.104,23/10/2020, 21:04:20,24.13
168.90.31.104,23/10/2020, 21:04:56,24.13
168.90.31.104,23/10/2020, 21:05:32,24.73
168.90.31.104,23/10/2020, 21:06:08,24.73
168.90.31.104,23/10/2020, 21:06:45,24.68
168.90.31.104,23/10/2020, 21:07:21,24.77
168.90.31.104,23/10/2020, 21:07:57,24.73
168.90.31.104,23/10/2020, 21:08:34,24.73
168.90.31.104,23/10/2020, 21:09:10,24.77
168.90.31.104,23/10/2020, 21:09:46,24.13
168.90.31.104,23/10/2020, 21:10:23,24.73
168.90.31.104,23/10/2020, 21:10:59,24.13
168.90.31.104,23/10/2020, 21:11:35,24.77
168.90.31.104,23/10/2020, 21:12:11,24.13
168.90.31.104,23/10/2020, 21:12:47,24.73
168.90.31.104,23/10/2020, 21:13:24,24.73
168.90.31.104,23/10/2020, 21:14:00,24.68
168.90.31.104,23/10/2020, 21:14:36,24.68
168.90.31.104,23/10/2020, 21:15:13,24.68
168.90.31.104,23/10/2020, 21:15:49,24.68
168.90.31.104,23/10/2020, 21:16:25,24.73
168.90.31.104,23/10/2020, 21:17:02,24.68
168.90.31.104,23/10/2020, 21:17:38,24.04
168.90.31.104,23/10/2020, 21:18:14,24.68
168.90.31.104,23/10/2020, 21:18:51,24.13
168.90.31.104,23/10/2020, 21:19:27,24.04
168.90.31.104,23/10/2020, 21:20:03,24.68
168.90.31.104,23/10/2020, 21:20:39,24.68
168.90.31.104,23/10/2020, 21:21:15,24.68
168.90.31.104,23/10/2020, 21:21:52,24.68
168.90.31.104,23/10/2020, 21:22:28,24.68
168.90.31.104,23/10/2020, 21:23:04,24.64
168.90.31.104,23/10/2020, 21:23:40,24.09
168.90.31.104,23/10/2020, 21:24:17,24.68
168.90.31.104,23/10/2020, 21:24:53,24.68
168.90.31.104,23/10/2020, 21:25:29,24.68
168.90.31.104,23/10/2020, 21:26:06,24.09
168.90.31.104,23/10/2020, 21:26:42,24.04
168.90.31.104,23/10/2020, 21:27:18,24.64
168.90.31.104,23/10/2020, 21:27:55,24.09
168.90.31.104,23/10/2020, 21:28:31,24.64
168.90.31.104,23/10/2020, 21:29:07,24.59
168.90.31.104,23/10/2020, 21:29:44,24.64
168.90.31.104,23/10/2020, 21:30:20,24.64
168.90.31.104,23/10/2020, 21:30:56,24.00
168.90.31.104,23/10/2020, 21:31:32,24.59
168.90.31.104,23/10/2020, 21:32:09,24.64
168.90.31.104,23/10/2020, 21:32:45,24.59
168.90.31.104,23/10/2020, 21:33:21,24.59
168.90.31.104,23/10/2020, 21:33:58,24.59
168.90.31.104,23/10/2020, 21:34:34,24.64
168.90.31.104,23/10/2020, 21:35:10,24.59
168.90.31.104,23/10/2020, 21:35:47,24.59
168.90.31.104,23/10/2020, 21:36:23,24.59
168.90.31.104,23/10/2020, 21:36:59,24.59
168.90.31.104,23/10/2020, 21:37:36,24.64
168.90.31.104,23/10/2020, 21:38:12,24.59
168.90.31.104,23/10/2020, 21:38:48,24.59
168.90.31.104,23/10/2020, 21:39:25,24.64
168.90.31.104,23/10/2020, 21:40:01,24.59
168.90.31.104,23/10/2020, 21:40:37,24.59
168.90.31.104,23/10/2020, 21:41:14,24.59
168.90.31.104,23/10/2020, 21:41:50,24.59
168.90.31.104,23/10/2020, 21:42:26,24.54
168.90.31.104,23/10/2020, 21:44:48,24.59
168.90.31.104,23/10/2020, 21:45:24,24.59
168.90.31.104,23/10/2020, 21:46:00,24.59
168.90.31.104,23/10/2020, 21:46:36,23.91
168.90.31.104,23/10/2020, 21:47:13,24.54
168.90.31.104,23/10/2020, 21:47:49,23.91
168.90.31.104,23/10/2020, 21:48:25,23.86
168.90.31.104,23/10/2020, 21:49:01,24.50
168.90.31.104,23/10/2020, 21:49:38,24.45
168.90.31.104,23/10/2020, 21:50:14,24.45
168.90.31.104,23/10/2020, 21:50:50,23.81
168.90.31.104,23/10/2020, 21:51:26,24.45
168.90.31.104,23/10/2020, 21:52:03,24.45
168.90.31.104,23/10/2020, 21:52:39,23.81
168.90.31.104,23/10/2020, 21:53:15,24.41
168.90.31.104,23/10/2020, 21:53:51,24.45
168.90.31.104,23/10/2020, 21:54:27,23.81
168.90.31.104,23/10/2020, 21:55:03,23.86
168.90.31.104,23/10/2020, 21:55:40,24.50
168.90.31.104,23/10/2020, 21:56:16,24.45
168.90.31.104,23/10/2020, 21:57:02,24.50
168.90.31.104,23/10/2020, 21:57:38,24.45
168.90.31.104,23/10/2020, 21:58:15,24.41
168.90.31.104,23/10/2020, 21:58:51,24.45
168.90.31.104,23/10/2020, 21:59:27,24.45
168.90.31.104,23/10/2020, 22:00:04,24.45
168.90.31.104,23/10/2020, 22:00:40,24.45
168.90.31.104,23/10/2020, 22:01:16,24.41
168.90.31.104,23/10/2020, 22:01:53,24.41
168.90.31.104,23/10/2020, 22:02:29,24.45
168.90.31.104,23/10/2020, 22:03:05,23.81
168.90.31.104,23/10/2020, 22:03:42,24.36
168.90.31.104,23/10/2020, 22:04:18,24.36
168.90.31.104,23/10/2020, 22:04:54,24.36
168.90.31.104,23/10/2020, 22:05:31,24.41
168.90.31.104,23/10/2020, 22:06:07,24.36
168.90.31.104,23/10/2020, 22:06:43,24.36
168.90.31.104,23/10/2020, 22:07:19,23.77
168.90.31.104,23/10/2020, 22:07:56,24.32
168.90.31.104,23/10/2020, 22:08:32,24.32
168.90.31.104,23/10/2020, 22:09:08,24.32
168.90.31.104,23/10/2020, 22:09:45,24.32
168.90.31.104,23/10/2020, 22:10:21,24.36
168.90.31.104,23/10/2020, 22:10:57,24.32
168.90.31.104,23/10/2020, 22:11:33,23.77
168.90.31.104,23/10/2020, 22:12:09,23.77
168.90.31.104,23/10/2020, 22:12:45,24.36
168.90.31.104,23/10/2020, 22:13:22,24.36
168.90.31.104,23/10/2020, 22:13:58,24.36
168.90.31.104,23/10/2020, 22:14:34,24.41
168.90.31.104,23/10/2020, 22:15:11,24.36
168.90.31.104,23/10/2020, 22:15:47,23.81
168.90.31.104,23/10/2020, 22:16:23,24.36
168.90.31.104,23/10/2020, 22:16:59,23.72
168.90.31.104,23/10/2020, 22:17:35,24.32
168.90.31.104,23/10/2020, 22:18:11,24.36
168.90.31.104,23/10/2020, 22:18:48,24.41
168.90.31.104,23/10/2020, 22:19:24,24.36
168.90.31.104,23/10/2020, 22:20:00,23.77
168.90.31.104,23/10/2020, 22:20:36,24.32
168.90.31.104,23/10/2020, 22:21:13,23.77
168.90.31.104,23/10/2020, 22:21:49,23.77
168.90.31.104,23/10/2020, 22:22:25,23.77
168.90.31.104,23/10/2020, 22:23:01,24.36
168.90.31.104,23/10/2020, 22:23:38,24.36
168.90.31.104,23/10/2020, 22:24:14,24.41
168.90.31.104,23/10/2020, 22:24:50,24.36
168.90.31.104,23/10/2020, 22:25:27,24.36
168.90.31.104,23/10/2020, 22:26:03,23.77
168.90.31.104,23/10/2020, 22:26:39,23.77
168.90.31.104,23/10/2020, 22:27:15,23.81
168.90.31.104,23/10/2020, 22:27:52,24.36
168.90.31.104,23/10/2020, 22:28:29,24.32
168.90.31.104,23/10/2020, 22:29:05,24.32
168.90.31.104,23/10/2020, 22:29:41,24.41
168.90.31.104,23/10/2020, 22:30:18,24.36
168.90.31.104,23/10/2020, 23:15:54,23.95
168.90.31.104,23/10/2020, 23:16:30,24.59
168.90.31.104,23/10/2020, 23:17:06,24.64
168.90.31.104,23/10/2020, 23:17:43,24.59
168.90.31.104,23/10/2020, 23:18:19,23.95
168.90.31.104,23/10/2020, 23:18:55,24.59
168.90.31.104,23/10/2020, 23:19:31,23.95
168.90.31.104,23/10/2020, 23:20:08,24.59
168.90.31.104,23/10/2020, 23:20:44,24.54
168.90.31.104,23/10/2020, 23:21:21,24.54
168.90.31.104,23/10/2020, 23:21:57,23.91
168.90.31.104,23/10/2020, 23:22:33,24.50
168.90.31.104,23/10/2020, 23:23:09,24.54
168.90.31.104,23/10/2020, 23:23:46,24.54
168.90.31.104,23/10/2020, 23:24:22,24.54
168.90.31.104,23/10/2020, 23:24:58,24.54
168.90.31.104,23/10/2020, 23:25:35,24.54
168.90.31.104,23/10/2020, 23:26:11,24.54
168.90.31.104,23/10/2020, 23:26:47,24.50
168.90.31.104,23/10/2020, 23:27:24,24.54
168.90.31.104,23/10/2020, 23:28:00,23.91
168.90.31.104,23/10/2020, 23:28:36,24.54
168.90.31.104,23/10/2020, 23:29:12,24.54
168.90.31.104,23/10/2020, 23:29:48,24.54
168.90.31.104,23/10/2020, 23:30:24,24.50
168.90.31.104,23/10/2020, 23:31:00,24.50
168.90.31.104,23/10/2020, 23:31:37,24.54
168.90.31.104,23/10/2020, 23:32:13,23.91
168.90.31.104,23/10/2020, 23:32:49,24.54
168.90.31.104,23/10/2020, 23:33:25,24.54
168.90.31.104,23/10/2020, 23:34:01,24.50
168.90.31.104,23/10/2020, 23:34:38,24.54
168.90.31.104,23/10/2020, 23:35:14,24.54
168.90.31.104,23/10/2020, 23:35:50,24.54
168.90.31.104,23/10/2020, 23:36:27,24.54
168.90.31.104,23/10/2020, 23:37:03,23.91
168.90.31.104,23/10/2020, 23:37:39,24.54
168.90.31.104,23/10/2020, 23:38:15,24.54
168.90.31.104,23/10/2020, 23:38:52,24.50
168.90.31.104,23/10/2020, 23:39:28,24.54
168.90.31.104,23/10/2020, 23:40:04,24.50
168.90.31.104,23/10/2020, 23:40:41,24.54
168.90.31.104,23/10/2020, 23:41:17,24.50
168.90.31.104,23/10/2020, 23:41:53,24.50
168.90.31.104,23/10/2020, 23:42:29,23.86
168.90.31.104,23/10/2020, 23:43:05,23.86
168.90.31.104,23/10/2020, 23:43:42,24.50
168.90.31.104,23/10/2020, 23:44:18,24.45
168.90.31.104,23/10/2020, 23:44:56,24.50
168.90.31.104,23/10/2020, 23:45:33,24.50
168.90.31.104,23/10/2020, 23:46:09,24.50
168.90.31.104,23/10/2020, 23:46:45,24.50
168.90.31.104,23/10/2020, 23:47:22,24.50
168.90.31.104,23/10/2020, 23:47:58,24.50
168.90.31.104,23/10/2020, 23:48:34,24.45
168.90.31.104,23/10/2020, 23:49:11,24.50
168.90.31.104,23/10/2020, 23:49:47,24.45
168.90.31.104,23/10/2020, 23:50:23,23.86
168.90.31.104,23/10/2020, 23:51:00,23.86
168.90.31.104,23/10/2020, 23:51:36,23.86
168.90.31.104,23/10/2020, 23:52:12,24.50
168.90.31.104,23/10/2020, 23:52:49,24.45
168.90.31.104,23/10/2020, 23:53:25,24.45
168.90.31.104,23/10/2020, 23:54:01,24.50
168.90.31.104,23/10/2020, 23:54:38,23.86
168.90.31.104,23/10/2020, 23:55:14,24.50
168.90.31.104,23/10/2020, 23:55:50,24.45
168.90.31.104,23/10/2020, 23:56:26,23.81
168.90.31.104,23/10/2020, 23:57:02,24.50
168.90.31.104,23/10/2020, 23:57:38,23.86
168.90.31.104,23/10/2020, 23:58:15,23.86
168.90.31.104,23/10/2020, 23:58:51,24.45
168.90.31.104,23/10/2020, 23:59:27,24.50
168.90.31.104,24/10/2020, 00:00:04,24.50
168.90.31.104,24/10/2020, 00:00:40,24.45
168.90.31.104,24/10/2020, 00:01:16,24.45
168.90.31.104,24/10/2020, 00:01:52,24.45
168.90.31.104,24/10/2020, 00:02:28,24.45
168.90.31.104,24/10/2020, 00:03:05,23.81
168.90.31.104,24/10/2020, 00:03:41,24.45
168.90.31.104,24/10/2020, 00:04:17,24.45
168.90.31.104,24/10/2020, 00:04:54,24.50
168.90.31.104,24/10/2020, 00:05:30,23.81
168.90.31.104,24/10/2020, 00:06:06,24.45
168.90.31.104,24/10/2020, 00:06:43,24.41
168.90.31.104,24/10/2020, 00:07:19,24.41
168.90.31.104,24/10/2020, 00:07:55,24.45
168.90.31.104,24/10/2020, 00:08:31,24.45
168.90.31.104,24/10/2020, 00:09:08,24.41
168.90.31.104,24/10/2020, 00:09:44,24.45
168.90.31.104,24/10/2020, 00:10:20,24.41
168.90.31.104,24/10/2020, 00:10:56,24.41
168.90.31.104,24/10/2020, 00:11:33,24.36
168.90.31.104,24/10/2020, 00:12:09,24.45
168.90.31.104,24/10/2020, 14:24:07,0.68
168.90.31.104,24/10/2020, 14:25:18,0.68
168.90.31.104,24/10/2020, 14:26:29,1.78
168.90.31.104,24/10/2020, 14:27:40,19.30
168.90.31.104,24/10/2020, 14:36:19,28.74
