ip,date,time,T (ÂºC),estado
189.61.49.44,24/10/2020, 14:47:53,25,1
168.90.31.104,24/10/2020, 14:51:02,24.68,1
168.90.31.104,24/10/2020, 14:52:13,25.50,1
168.90.31.104,24/10/2020, 14:53:23,25.46,1
168.90.31.104,24/10/2020, 14:54:33,25.14,1
168.90.31.104,24/10/2020, 14:55:43,25.41,1
168.90.31.104,24/10/2020, 14:56:54,25.27,1
168.90.31.104,24/10/2020, 14:58:04,25.41,1
168.90.31.104,24/10/2020, 14:59:14,25.41,1
168.90.31.104,24/10/2020, 15:00:25,25.36,1
168.90.31.104,24/10/2020, 15:01:35,25.36,1
168.90.31.104,24/10/2020, 15:02:45,24.91,1
168.90.31.104,24/10/2020, 15:03:56,23.36,1
168.90.31.104,24/10/2020, 15:05:06,25.36,1
168.90.31.104,24/10/2020, 15:06:16,24.64,1
168.90.31.104,24/10/2020, 15:07:26,25.32,1
168.90.31.104,24/10/2020, 15:08:36,23.36,1
168.90.31.104,24/10/2020, 15:09:47,24.82,1
168.90.31.104,24/10/2020, 15:10:57,25.32,1
168.90.31.104,24/10/2020, 15:12:07,25.27,1
168.90.31.104,24/10/2020, 15:13:18,25.32,1
168.90.31.104,24/10/2020, 15:14:28,25.14,1
168.90.31.104,24/10/2020, 15:15:38,23.59,1
168.90.31.104,24/10/2020, 15:16:48,25.18,1
168.90.31.104,24/10/2020, 15:17:59,25.27,1
168.90.31.104,24/10/2020, 15:19:09,24.18,1
168.90.31.104,24/10/2020, 15:20:19,25.05,1
168.90.31.104,24/10/2020, 15:21:30,23.95,1
168.90.31.104,24/10/2020, 15:22:40,25.14,1
168.90.31.104,24/10/2020, 15:23:50,25.23,1
168.90.31.104,24/10/2020, 15:25:01,25.23,1
168.90.31.104,24/10/2020, 15:26:11,25.23,1
168.90.31.104,24/10/2020, 15:27:21,24.73,1
168.90.31.104,24/10/2020, 15:28:31,23.27,1
168.90.31.104,24/10/2020, 15:29:42,25.18,1
168.90.31.104,24/10/2020, 15:30:52,24.95,1
168.90.31.104,24/10/2020, 15:32:02,25.18,1
168.90.31.104,24/10/2020, 15:33:12,23.27,1
168.90.31.104,24/10/2020, 15:34:23,25.14,1
168.90.31.104,24/10/2020, 15:35:33,25.18,1
168.90.31.104,24/10/2020, 15:36:43,25.14,1
168.90.31.104,24/10/2020, 15:37:53,25.18,1
168.90.31.104,24/10/2020, 15:39:03,24.77,1
168.90.31.104,24/10/2020, 15:40:14,24.77,1
168.90.31.104,24/10/2020, 15:41:24,25.05,1
168.90.31.104,24/10/2020, 15:42:34,25.14,1
168.90.31.104,24/10/2020, 15:43:45,25.23,1
168.90.31.104,24/10/2020, 15:44:55,24.73,1
168.90.31.104,24/10/2020, 15:46:05,25.00,1
168.90.31.104,24/10/2020, 15:47:15,23.27,1
168.90.31.104,24/10/2020, 15:48:26,23.22,1
168.90.31.104,24/10/2020, 15:49:36,25.18,1
168.90.31.104,24/10/2020, 15:50:46,24.50,1
168.90.31.104,24/10/2020, 15:51:56,25.23,1
168.90.31.104,24/10/2020, 15:53:07,24.64,1
168.90.31.104,24/10/2020, 15:54:17,25.14,1
168.90.31.104,24/10/2020, 15:55:27,25.09,1
168.90.31.104,24/10/2020, 15:56:37,25.18,1
168.90.31.104,24/10/2020, 15:57:47,25.14,1
168.90.31.104,24/10/2020, 15:58:58,23.27,1
168.90.31.104,24/10/2020, 16:00:08,23.27,1
168.90.31.104,24/10/2020, 16:01:18,25.18,1
168.90.31.104,24/10/2020, 16:02:28,25.18,1
168.90.31.104,24/10/2020, 16:03:38,23.27,1
168.90.31.104,24/10/2020, 16:04:49,25.14,1
168.90.31.104,24/10/2020, 16:06:00,25.09,1
168.90.31.104,24/10/2020, 16:07:10,23.22,1
168.90.31.104,24/10/2020, 16:08:20,24.13,1
168.90.31.104,24/10/2020, 16:09:31,25.27,1
168.90.31.104,24/10/2020, 16:10:41,24.18,1
168.90.31.104,24/10/2020, 16:11:51,25.14,1
168.90.31.104,24/10/2020, 16:13:02,25.32,1
168.90.31.104,24/10/2020, 16:14:13,25.32,1
168.90.31.104,24/10/2020, 16:15:23,24.64,1
168.90.31.104,24/10/2020, 16:16:33,25.32,1
168.90.31.104,24/10/2020, 16:17:45,25.36,1
168.90.31.104,24/10/2020, 16:18:55,25.36,1
168.90.31.104,24/10/2020, 16:20:05,25.05,1
168.90.31.104,24/10/2020, 16:21:15,25.18,1
168.90.31.104,24/10/2020, 16:22:26,25.27,1
168.90.31.104,24/10/2020, 16:23:36,24.09,1
168.90.31.104,24/10/2020, 16:24:46,24.27,1
168.90.31.104,24/10/2020, 16:25:56,25.05,1
168.90.31.104,24/10/2020, 16:27:07,25.36,1
168.90.31.104,24/10/2020, 16:28:17,25.36,1
168.90.31.104,24/10/2020, 16:29:27,25.32,1
168.90.31.104,24/10/2020, 16:30:38,25.36,1
168.90.31.104,24/10/2020, 16:31:48,24.91,1
168.90.31.104,24/10/2020, 16:32:58,25.32,1
168.90.31.104,24/10/2020, 16:34:08,23.13,1
168.90.31.104,24/10/2020, 16:35:18,25.36,1
168.90.31.104,24/10/2020, 16:36:29,24.13,1
168.90.31.104,24/10/2020, 16:37:39,23.54,1
168.90.31.104,24/10/2020, 16:38:49,23.13,1
168.90.31.104,24/10/2020, 16:39:59,23.22,1
168.90.31.104,24/10/2020, 16:41:09,25.36,1
168.90.31.104,24/10/2020, 16:42:19,24.86,1
168.90.31.104,24/10/2020, 16:43:29,25.32,1
168.90.31.104,24/10/2020, 16:44:40,25.14,1
168.90.31.104,24/10/2020, 16:45:50,25.05,1
168.90.31.104,24/10/2020, 16:47:00,25.14,1
168.90.31.104,24/10/2020, 16:48:10,25.27,1
168.90.31.104,24/10/2020, 16:49:21,25.32,1
168.90.31.104,24/10/2020, 16:50:31,25.27,1
168.90.31.104,24/10/2020, 16:51:45,25.27,1
168.90.31.104,24/10/2020, 16:52:55,25.14,1
168.90.31.104,24/10/2020, 16:54:06,25.32,1
168.90.31.104,24/10/2020, 16:55:16,22.90,1
168.90.31.104,24/10/2020, 16:56:26,22.90,1
168.90.31.104,24/10/2020, 16:57:36,22.90,1
168.90.31.104,24/10/2020, 16:58:46,25.14,1
168.90.31.104,24/10/2020, 16:59:57,25.32,1
168.90.31.104,24/10/2020, 17:01:07,25.32,1
168.90.31.104,24/10/2020, 17:02:17,25.14,1
168.90.31.104,24/10/2020, 17:03:28,25.32,1
168.90.31.104,24/10/2020, 17:04:38,25.27,1
168.90.31.104,24/10/2020, 17:05:48,25.36,1
168.90.31.104,24/10/2020, 17:06:58,22.90,1
168.90.31.104,24/10/2020, 17:08:08,25.18,1
168.90.31.104,24/10/2020, 17:09:19,25.23,1
168.90.31.104,24/10/2020, 17:10:29,24.64,1
168.90.31.104,24/10/2020, 17:11:39,22.86,1
168.90.31.104,24/10/2020, 17:12:49,23.77,1
168.90.31.104,24/10/2020, 17:13:59,24.59,1
168.90.31.104,24/10/2020, 17:15:09,24.27,1
168.90.31.104,24/10/2020, 17:16:20,22.26,1
168.90.31.104,24/10/2020, 17:17:30,25.00,1
168.90.31.104,24/10/2020, 17:18:40,24.77,1
168.90.31.104,24/10/2020, 17:19:51,23.72,1
168.90.31.104,24/10/2020, 17:21:01,23.77,1
168.90.31.104,24/10/2020, 17:22:11,25.05,1
168.90.31.104,24/10/2020, 17:23:21,25.14,1
168.90.31.104,24/10/2020, 17:24:31,23.04,1
168.90.31.104,24/10/2020, 17:25:41,24.95,1
168.90.31.104,24/10/2020, 17:26:52,25.05,1
168.90.31.104,24/10/2020, 17:28:03,23.45,1
168.90.31.104,24/10/2020, 17:29:13,23.81,1
168.90.31.104,24/10/2020, 17:30:23,24.09,1
168.90.31.104,24/10/2020, 17:31:33,25.18,1
168.90.31.104,24/10/2020, 17:32:43,25.41,1
168.90.31.104,24/10/2020, 17:33:54,25.41,1
168.90.31.104,24/10/2020, 17:35:04,25.09,1
168.90.31.104,24/10/2020, 17:36:14,24.36,1
168.90.31.104,24/10/2020, 17:37:25,24.68,1
168.90.31.104,24/10/2020, 17:38:35,23.22,1
168.90.31.104,24/10/2020, 17:39:45,25.50,1
168.90.31.104,24/10/2020, 17:40:55,25.00,1
168.90.31.104,24/10/2020, 17:42:05,24.22,1
168.90.31.104,24/10/2020, 17:43:15,22.67,1
168.90.31.104,24/10/2020, 17:44:25,23.08,1
168.90.31.104,24/10/2020, 17:45:35,23.04,1
168.90.31.104,24/10/2020, 17:46:46,25.50,1
168.90.31.104,24/10/2020, 17:48:58,24.50,1
168.90.31.105,24/10/2020, 21:17:41,23.08,0
168.90.31.105,24/10/2020, 21:17:44,23.08,0
168.90.31.105,24/10/2020, 21:17:48,23.08,0
168.90.31.105,24/10/2020, 21:17:51,25.27,0
168.90.31.105,24/10/2020, 21:17:54,25.27,0
168.90.31.105,24/10/2020, 21:17:57,23.13,0
168.90.31.105,24/10/2020, 21:18:00,23.13,0
168.90.31.105,24/10/2020, 21:18:04,25.27,0
168.90.31.105,24/10/2020, 21:18:07,25.27,0
168.90.31.105,24/10/2020, 21:18:10,23.13,0
168.90.31.105,24/10/2020, 21:18:13,24.91,0
168.90.31.105,24/10/2020, 21:18:17,23.13,0
168.90.31.105,24/10/2020, 21:18:20,25.27,0
168.90.31.105,24/10/2020, 21:18:23,23.13,0
168.90.31.105,24/10/2020, 21:18:26,23.08,0
168.90.31.105,24/10/2020, 21:18:29,25.23,0
168.90.31.105,24/10/2020, 21:18:32,23.13,0
168.90.31.105,24/10/2020, 21:18:35,23.08,0
168.90.31.105,24/10/2020, 21:18:38,23.08,0
168.90.31.105,24/10/2020, 21:18:42,23.08,0
168.90.31.105,24/10/2020, 21:18:45,23.08,0
168.90.31.105,24/10/2020, 21:18:48,23.08,0
168.90.31.105,24/10/2020, 21:18:51,23.08,0
168.90.31.105,24/10/2020, 21:18:54,23.08,0
168.90.31.105,24/10/2020, 21:18:57,25.18,0
168.90.31.105,24/10/2020, 21:19:00,23.08,0
168.90.31.105,24/10/2020, 21:19:03,23.08,0
168.90.31.105,24/10/2020, 21:19:07,23.08,0
168.90.31.105,24/10/2020, 21:19:10,25.23,0
168.90.31.105,24/10/2020, 21:19:13,23.08,0
168.90.31.105,24/10/2020, 21:19:16,23.08,0
168.90.31.105,24/10/2020, 21:19:19,23.08,0
168.90.31.105,24/10/2020, 21:19:22,23.08,0
168.90.31.105,24/10/2020, 21:19:26,23.04,0
168.90.31.105,24/10/2020, 21:19:29,23.04,0
168.90.31.105,24/10/2020, 21:19:32,23.04,0
168.90.31.105,24/10/2020, 21:19:35,23.04,0
168.90.31.105,24/10/2020, 21:19:39,25.14,0
168.90.31.105,24/10/2020, 21:19:42,23.04,0
168.90.31.105,24/10/2020, 21:19:45,24.77,0
168.90.31.105,24/10/2020, 21:20:03,23.36,0
168.90.31.105,24/10/2020, 21:20:06,23.36,0
168.90.31.105,24/10/2020, 21:20:09,23.36,0
168.90.31.105,24/10/2020, 21:20:12,25.18,0
168.90.31.105,24/10/2020, 21:20:16,23.63,0
168.90.31.105,24/10/2020, 21:20:19,23.40,0
168.90.31.105,24/10/2020, 21:20:22,23.36,0
168.90.31.105,24/10/2020, 21:20:25,23.36,0
168.90.31.105,24/10/2020, 21:20:28,25.36,0
168.90.31.105,24/10/2020, 21:20:32,25.36,0
168.90.31.105,24/10/2020, 21:20:35,25.36,0
168.90.31.105,24/10/2020, 21:20:38,23.40,0
168.90.31.105,24/10/2020, 21:20:41,23.40,0
168.90.31.105,24/10/2020, 21:20:44,25.41,0
168.90.31.105,24/10/2020, 21:20:47,25.46,0
168.90.31.105,24/10/2020, 21:20:50,24.13,0
168.90.31.105,24/10/2020, 21:20:54,24.95,0
168.90.31.105,24/10/2020, 21:20:57,25.36,0
168.90.31.105,24/10/2020, 21:21:00,23.40,0
168.90.31.105,24/10/2020, 21:21:03,23.36,0
168.90.31.105,24/10/2020, 21:21:06,25.36,0
168.90.31.105,24/10/2020, 21:21:09,25.36,0
168.90.31.105,24/10/2020, 21:21:13,23.40,0
168.90.31.105,24/10/2020, 21:21:16,23.36,0
168.90.31.105,24/10/2020, 21:21:19,23.36,0
168.90.31.105,24/10/2020, 21:21:22,24.95,0
168.90.31.105,24/10/2020, 21:21:25,23.36,0
168.90.31.105,24/10/2020, 21:21:28,23.36,0
168.90.31.105,24/10/2020, 21:21:31,23.36,0
168.90.31.105,24/10/2020, 21:21:34,23.36,0
168.90.31.105,24/10/2020, 21:21:37,23.36,0
168.90.31.105,24/10/2020, 21:21:41,23.36,0
168.90.31.105,24/10/2020, 21:21:44,24.64,0
168.90.31.105,24/10/2020, 21:21:47,23.40,0
168.90.31.105,24/10/2020, 21:21:50,23.36,0
168.90.31.105,24/10/2020, 21:21:53,23.36,0
168.90.31.105,24/10/2020, 21:21:56,25.36,0
168.90.31.105,24/10/2020, 21:21:59,25.41,0
168.90.31.105,24/10/2020, 21:22:03,23.40,0
168.90.31.105,24/10/2020, 21:22:06,25.41,0
168.90.31.105,24/10/2020, 21:22:09,23.27,0
168.90.31.105,24/10/2020, 21:22:12,23.27,0
168.90.31.105,24/10/2020, 21:22:16,23.27,0
168.90.31.105,24/10/2020, 21:22:19,23.31,0
168.90.31.105,24/10/2020, 21:22:22,23.31,0
168.90.31.105,24/10/2020, 21:22:25,23.31,0
168.90.31.105,24/10/2020, 21:22:29,25.27,0
168.90.31.105,24/10/2020, 21:22:32,25.32,0
168.90.31.105,24/10/2020, 21:22:35,23.31,0
168.90.31.105,24/10/2020, 21:22:38,23.31,0
168.90.31.105,24/10/2020, 21:22:41,23.27,0
168.90.31.105,24/10/2020, 21:22:44,23.31,0
168.90.31.105,24/10/2020, 21:22:47,23.31,0
168.90.31.105,24/10/2020, 21:22:50,23.36,0
168.90.31.105,24/10/2020, 21:22:53,23.36,0
168.90.31.105,24/10/2020, 21:22:56,25.32,0
168.90.31.105,24/10/2020, 21:23:00,25.32,0
168.90.31.105,24/10/2020, 21:23:03,25.32,0
168.90.31.105,24/10/2020, 21:23:06,23.36,0
168.90.31.105,24/10/2020, 21:23:09,25.36,0
168.90.31.105,24/10/2020, 21:23:12,25.41,0
168.90.31.105,24/10/2020, 21:23:16,25.41,0
168.90.31.105,24/10/2020, 21:23:19,23.36,0
168.90.31.105,24/10/2020, 21:23:22,25.27,0
168.90.31.105,24/10/2020, 21:23:25,23.36,0
168.90.31.105,24/10/2020, 21:23:28,25.27,0
168.90.31.105,24/10/2020, 21:23:31,23.36,0
168.90.31.105,24/10/2020, 21:23:35,23.36,0
168.90.31.105,24/10/2020, 21:23:38,24.50,0
168.90.31.105,24/10/2020, 21:23:41,23.36,0
168.90.31.105,24/10/2020, 21:23:44,25.27,0
168.90.31.105,24/10/2020, 21:23:47,23.36,0
168.90.31.105,24/10/2020, 21:23:50,23.31,0
168.90.31.105,24/10/2020, 21:23:54,23.36,0
168.90.31.105,24/10/2020, 21:23:57,23.31,0
168.90.31.105,24/10/2020, 21:24:00,23.31,0
168.90.31.105,24/10/2020, 21:24:03,23.31,0
168.90.31.105,24/10/2020, 21:24:06,23.31,0
168.90.31.105,24/10/2020, 21:24:09,23.27,0
168.90.31.105,24/10/2020, 21:24:12,23.27,0
168.90.31.105,24/10/2020, 21:24:15,23.27,0
168.90.31.105,24/10/2020, 21:24:18,25.18,0
168.90.31.105,24/10/2020, 21:24:22,23.27,0
168.90.31.105,24/10/2020, 21:24:25,23.27,0
168.90.31.105,24/10/2020, 21:24:28,23.27,0
168.90.31.105,24/10/2020, 21:24:31,24.27,0
168.90.31.105,24/10/2020, 21:24:34,23.27,0
168.90.31.105,24/10/2020, 21:24:38,25.27,0
168.90.31.105,24/10/2020, 21:24:41,25.27,0
168.90.31.105,24/10/2020, 21:24:44,25.27,0
168.90.31.105,24/10/2020, 21:24:48,24.91,0
168.90.31.105,24/10/2020, 21:24:51,23.31,0
168.90.31.105,24/10/2020, 21:24:54,25.27,0
168.90.31.105,24/10/2020, 21:24:57,23.31,0
168.90.31.105,24/10/2020, 21:25:00,23.31,0
168.90.31.105,24/10/2020, 21:25:03,23.31,0
168.90.31.105,24/10/2020, 21:25:06,23.27,0
168.90.31.105,24/10/2020, 21:25:09,23.31,0
168.90.31.105,24/10/2020, 21:25:12,23.27,0
168.90.31.105,24/10/2020, 21:25:16,23.31,0
168.90.31.105,24/10/2020, 21:25:19,23.31,0
168.90.31.105,24/10/2020, 21:25:22,23.31,0
168.90.31.105,24/10/2020, 21:25:25,23.27,0
168.90.31.105,24/10/2020, 21:25:28,23.31,0
168.90.31.105,24/10/2020, 21:25:31,23.31,0
168.90.31.105,24/10/2020, 21:25:34,24.95,0
168.90.31.105,24/10/2020, 21:25:37,23.31,0
168.90.31.105,24/10/2020, 21:25:40,23.31,0
168.90.31.105,24/10/2020, 21:25:44,23.36,0
168.90.31.105,24/10/2020, 21:25:47,25.41,0
168.90.31.105,24/10/2020, 21:25:50,23.31,0
168.90.31.105,24/10/2020, 21:25:54,25.32,0
168.90.31.105,24/10/2020, 21:25:57,25.18,0
168.90.31.105,24/10/2020, 21:26:00,23.18,0
168.90.31.105,24/10/2020, 21:26:03,24.95,0
168.90.31.105,24/10/2020, 21:26:06,23.22,0
168.90.31.105,24/10/2020, 21:26:10,25.32,0
168.90.31.105,24/10/2020, 21:26:13,23.22,0
168.90.31.105,24/10/2020, 21:26:16,23.22,0
168.90.31.105,24/10/2020, 21:26:19,23.22,0
168.90.31.105,24/10/2020, 21:26:22,23.22,0
168.90.31.105,24/10/2020, 21:26:25,23.22,0
168.90.31.105,24/10/2020, 21:26:28,23.22,0
168.90.31.105,24/10/2020, 21:26:31,23.22,0
168.90.31.105,24/10/2020, 21:26:34,23.22,0
168.90.31.105,24/10/2020, 21:26:37,23.22,0
168.90.31.105,24/10/2020, 21:26:41,23.18,0
168.90.31.105,24/10/2020, 21:26:44,24.95,0
168.90.31.105,24/10/2020, 21:26:47,23.22,0
168.90.31.105,24/10/2020, 21:26:50,23.22,0
168.90.31.105,24/10/2020, 21:26:53,24.95,0
168.90.31.105,24/10/2020, 21:26:57,23.27,0
168.90.31.105,24/10/2020, 21:27:00,25.36,0
168.90.31.105,24/10/2020, 21:28:41,25.05,1
168.90.31.105,24/10/2020, 21:29:51,24.95,1
168.90.31.105,24/10/2020, 21:31:01,25.18,1
168.90.31.105,24/10/2020, 21:32:12,25.46,1
168.90.31.105,24/10/2020, 21:33:22,23.27,1
168.90.31.105,24/10/2020, 21:34:33,24.64,1
168.90.31.105,24/10/2020, 21:35:43,25.23,1
168.90.31.105,24/10/2020, 21:36:53,22.90,1
168.90.31.105,24/10/2020, 21:38:03,22.86,1
168.90.31.105,24/10/2020, 21:39:14,23.86,1
168.90.31.105,24/10/2020, 21:40:24,25.00,1
168.90.31.105,24/10/2020, 21:41:34,22.86,1
168.90.31.105,24/10/2020, 21:42:44,24.68,1
168.90.31.105,24/10/2020, 21:43:55,24.86,1
168.90.31.105,24/10/2020, 21:45:05,24.95,1
168.90.31.105,24/10/2020, 21:46:15,24.91,1
168.90.31.105,24/10/2020, 21:47:25,24.86,1
168.90.31.105,24/10/2020, 21:48:36,25.00,1
168.90.31.105,24/10/2020, 21:49:46,25.05,1
168.90.31.105,24/10/2020, 21:50:56,25.05,1
168.90.31.105,24/10/2020, 21:52:06,22.81,1
168.90.31.105,24/10/2020, 21:53:16,24.50,1
168.90.31.105,24/10/2020, 21:54:27,24.95,1
168.90.31.105,24/10/2020, 21:55:37,23.77,1
168.90.31.105,24/10/2020, 21:56:47,22.72,1
168.90.31.105,24/10/2020, 21:57:57,25.05,1
168.90.31.105,24/10/2020, 21:59:08,25.09,1
168.90.31.105,24/10/2020, 22:00:18,25.14,1
168.90.31.105,24/10/2020, 22:01:28,24.36,1
168.90.31.105,24/10/2020, 22:02:38,25.18,1
168.90.31.105,24/10/2020, 22:03:49,25.32,1
168.90.31.105,24/10/2020, 22:04:59,25.36,1
168.90.31.105,24/10/2020, 22:06:09,25.36,1
168.90.31.105,24/10/2020, 22:07:19,23.13,1
168.90.31.105,24/10/2020, 22:08:29,23.13,1
168.90.31.105,24/10/2020, 22:09:39,25.00,1
168.90.31.105,24/10/2020, 22:10:50,25.36,1
168.90.31.105,24/10/2020, 22:12:00,25.46,1
168.90.31.105,24/10/2020, 22:13:10,24.32,1
168.90.31.105,24/10/2020, 22:14:21,25.41,1
168.90.31.105,24/10/2020, 22:15:31,23.27,1
168.90.31.105,24/10/2020, 22:16:41,25.41,1
168.90.31.105,24/10/2020, 22:17:51,25.36,1
168.90.31.105,24/10/2020, 22:19:01,25.36,1
168.90.31.105,24/10/2020, 22:20:12,25.41,1
168.90.31.105,24/10/2020, 22:21:22,25.41,1
168.90.31.105,24/10/2020, 22:22:32,25.05,1
168.90.31.105,24/10/2020, 22:23:43,25.46,1
168.90.31.105,24/10/2020, 22:24:53,25.41,1
168.90.31.105,24/10/2020, 22:26:03,23.22,1
168.90.31.105,24/10/2020, 22:27:13,24.54,1
168.90.31.105,24/10/2020, 22:28:23,24.54,1
168.90.31.105,24/10/2020, 22:29:33,24.91,1
168.90.31.105,24/10/2020, 22:30:44,25.46,1
168.90.31.105,24/10/2020, 22:31:54,25.46,1
168.90.31.105,24/10/2020, 22:33:04,25.46,1
168.90.31.105,24/10/2020, 22:34:14,23.27,1
168.90.31.105,24/10/2020, 22:35:25,25.05,1
168.90.31.105,24/10/2020, 22:36:35,25.36,1
168.90.31.105,24/10/2020, 22:37:45,25.46,1
168.90.31.105,24/10/2020, 22:38:55,25.41,1
168.90.31.105,24/10/2020, 22:40:06,25.41,1
168.90.31.105,24/10/2020, 22:41:16,25.32,1
168.90.31.105,24/10/2020, 22:42:26,25.36,1
168.90.31.105,24/10/2020, 22:43:37,25.46,1
168.90.31.105,24/10/2020, 22:44:47,25.41,1
168.90.31.105,24/10/2020, 22:45:57,25.41,1
168.90.31.105,24/10/2020, 22:47:08,24.95,1
168.90.31.105,24/10/2020, 22:48:18,25.46,1
168.90.31.105,24/10/2020, 22:49:28,25.46,1
168.90.31.105,24/10/2020, 22:51:39,25.87,1
168.90.31.105,24/10/2020, 22:52:49,25.32,1
168.90.31.105,24/10/2020, 22:54:00,25.91,1
168.90.31.105,24/10/2020, 22:55:10,25.78,1
168.90.31.105,24/10/2020, 22:56:20,23.81,1
168.90.31.105,24/10/2020, 22:57:30,25.87,1
168.90.31.105,24/10/2020, 22:58:40,25.91,1
168.90.31.105,24/10/2020, 22:59:51,25.91,1
168.90.31.105,24/10/2020, 23:01:01,25.87,1
168.90.31.105,24/10/2020, 23:02:11,23.81,1
168.90.31.105,24/10/2020, 23:03:21,25.00,1
168.90.31.105,24/10/2020, 23:04:31,25.78,1
168.90.31.105,24/10/2020, 23:05:41,25.87,1
168.90.31.105,24/10/2020, 23:06:51,25.68,1
168.90.31.105,24/10/2020, 23:08:02,25.87,1
168.90.31.105,24/10/2020, 23:09:12,23.81,1
168.90.31.105,24/10/2020, 23:10:22,23.95,1
168.90.31.105,24/10/2020, 23:11:32,25.87,1
168.90.31.105,24/10/2020, 23:12:42,25.82,1
168.90.31.105,24/10/2020, 23:13:53,24.59,1
168.90.31.105,24/10/2020, 23:15:03,25.87,1
168.90.31.105,24/10/2020, 23:16:13,24.73,1
168.90.31.105,24/10/2020, 23:17:23,25.82,1
168.90.31.105,24/10/2020, 23:18:34,23.77,1
168.90.31.105,24/10/2020, 23:19:44,25.87,1
168.90.31.105,24/10/2020, 23:20:54,24.68,1
168.90.31.105,24/10/2020, 23:22:04,23.81,1
168.90.31.105,24/10/2020, 23:23:15,25.73,1
168.90.31.105,24/10/2020, 23:24:25,23.77,1
168.90.31.105,24/10/2020, 23:25:35,25.82,1
168.90.31.105,24/10/2020, 23:26:45,25.78,1
168.90.31.105,24/10/2020, 23:27:55,25.78,1
168.90.31.105,24/10/2020, 23:29:06,25.82,1
168.90.31.105,24/10/2020, 23:30:16,25.73,1
168.90.31.105,24/10/2020, 23:31:26,25.78,1
168.90.31.105,24/10/2020, 23:32:36,25.82,1
168.90.31.105,24/10/2020, 23:33:46,23.81,1
168.90.31.105,24/10/2020, 23:34:56,25.46,1
168.90.31.105,24/10/2020, 23:36:07,25.87,1
168.90.31.105,24/10/2020, 23:37:17,25.73,1
168.90.31.105,24/10/2020, 23:38:27,25.87,1
168.90.31.105,24/10/2020, 23:39:38,25.87,1
168.90.31.105,24/10/2020, 23:40:48,25.68,1
168.90.31.105,24/10/2020, 23:41:58,25.87,1
168.90.31.105,24/10/2020, 23:43:08,25.41,1
168.90.31.105,24/10/2020, 23:44:19,23.81,1
168.90.31.105,24/10/2020, 23:45:29,25.87,1
168.90.31.105,24/10/2020, 23:46:39,25.78,1
168.90.31.105,24/10/2020, 23:47:49,24.68,1
168.90.31.105,24/10/2020, 23:49:00,25.78,1
168.90.31.105,24/10/2020, 23:50:10,25.73,1
168.90.31.105,24/10/2020, 23:51:20,23.72,1
168.90.31.105,24/10/2020, 23:52:30,23.68,1
168.90.31.105,24/10/2020, 23:53:40,25.14,1
168.90.31.105,24/10/2020, 23:54:51,25.55,1
168.90.31.105,24/10/2020, 23:56:01,24.91,1
168.90.31.105,24/10/2020, 23:57:11,24.68,1
168.90.31.105,24/10/2020, 23:58:22,25.87,1
168.90.31.105,24/10/2020, 23:59:32,25.27,1
168.90.31.105,25/10/2020, 00:00:42,24.59,1
168.90.31.105,25/10/2020, 00:01:53,24.95,1
168.90.31.105,25/10/2020, 00:03:03,25.87,1
168.90.31.105,25/10/2020, 00:04:13,25.82,1
168.90.31.105,25/10/2020, 00:05:26,24.91,1
168.90.31.105,25/10/2020, 00:06:37,25.87,1
168.90.31.105,25/10/2020, 00:07:47,25.78,1
168.90.31.105,25/10/2020, 00:08:57,25.68,1
168.90.31.105,25/10/2020, 00:10:07,23.77,1
168.90.31.105,25/10/2020, 00:11:17,25.82,1
168.90.31.105,25/10/2020, 00:12:28,24.73,1
168.90.31.105,25/10/2020, 00:13:38,23.72,1
168.90.31.105,25/10/2020, 00:14:48,25.78,1
168.90.31.105,25/10/2020, 00:15:58,24.95,1
168.90.31.105,25/10/2020, 00:17:08,25.46,1
168.90.31.105,25/10/2020, 00:18:19,25.87,1
168.90.31.105,25/10/2020, 00:19:29,25.09,1
168.90.31.105,25/10/2020, 00:20:39,23.77,1
168.90.31.105,25/10/2020, 00:21:49,24.86,1
168.90.31.105,25/10/2020, 00:24:07,25.64,1
168.90.31.105,25/10/2020, 00:25:17,24.91,1
168.90.31.105,25/10/2020, 00:26:27,22.35,1
168.90.31.105,25/10/2020, 00:27:38,24.82,1
168.90.31.105,25/10/2020, 00:29:32,25.41,1
168.90.31.105,25/10/2020, 00:30:43,24.73,1
168.90.31.105,25/10/2020, 00:31:53,25.36,1
168.90.31.105,25/10/2020, 00:33:03,22.08,1
168.90.31.105,25/10/2020, 00:34:13,25.46,1
168.90.31.105,25/10/2020, 00:35:24,25.55,1
168.90.31.105,25/10/2020, 00:36:34,25.55,1
168.90.31.105,25/10/2020, 00:37:44,24.91,1
168.90.31.105,25/10/2020, 00:38:55,25.50,1
168.90.31.105,25/10/2020, 00:40:05,25.46,1
168.90.31.105,25/10/2020, 00:41:15,25.41,1
168.90.31.105,25/10/2020, 00:42:25,25.46,1
168.90.31.105,25/10/2020, 00:43:35,25.09,1
168.90.31.105,25/10/2020, 00:44:46,25.50,1
168.90.31.105,25/10/2020, 00:45:56,25.46,1
168.90.31.105,25/10/2020, 00:47:06,25.41,1
168.90.31.105,25/10/2020, 00:48:17,22.90,1
168.90.31.105,25/10/2020, 00:49:27,22.99,1
168.90.31.105,25/10/2020, 00:54:03,22.63,1
168.90.31.105,25/10/2020, 00:55:13,25.14,1
168.90.31.105,25/10/2020, 00:56:23,22.58,1
168.90.31.105,25/10/2020, 00:57:33,25.32,1
168.90.31.105,25/10/2020, 00:58:43,25.46,1
168.90.31.105,25/10/2020, 00:59:53,23.18,1
168.90.31.105,25/10/2020, 01:01:04,24.18,1
168.90.31.105,25/10/2020, 01:02:14,23.13,1
168.90.31.105,25/10/2020, 01:03:24,25.36,1
168.90.31.105,25/10/2020, 01:04:34,25.41,1
168.90.31.105,25/10/2020, 01:05:45,25.23,1
168.90.31.105,25/10/2020, 01:06:55,23.18,1
168.90.31.105,25/10/2020, 01:08:05,24.18,1
168.90.31.105,25/10/2020, 01:09:16,25.46,1
168.90.31.105,25/10/2020, 01:10:26,24.22,1
168.90.31.105,25/10/2020, 01:11:36,25.46,1
168.90.31.105,25/10/2020, 01:12:46,25.41,1
168.90.31.105,25/10/2020, 01:13:57,24.27,1
168.90.31.105,25/10/2020, 01:15:07,25.46,1
168.90.31.105,25/10/2020, 01:16:17,25.46,1
168.90.31.105,25/10/2020, 01:17:27,25.46,1
168.90.31.105,25/10/2020, 01:18:37,25.41,1
168.90.31.105,25/10/2020, 01:19:48,25.14,1
168.90.31.105,25/10/2020, 01:20:58,24.50,1
168.90.31.105,25/10/2020, 01:22:08,25.46,1
168.90.31.105,25/10/2020, 01:23:19,24.18,1
168.90.31.105,25/10/2020, 01:24:29,25.41,1
168.90.31.105,25/10/2020, 01:25:39,25.41,1
168.90.31.105,25/10/2020, 01:26:49,25.41,1
168.90.31.105,25/10/2020, 01:28:00,25.41,1
168.90.31.105,25/10/2020, 01:29:10,24.91,1
168.90.31.105,25/10/2020, 01:30:20,25.36,1
168.90.31.105,25/10/2020, 01:31:30,23.13,1
168.90.31.105,25/10/2020, 01:32:40,23.49,1
168.90.31.105,25/10/2020, 01:33:51,24.68,1
168.90.31.105,25/10/2020, 01:35:01,25.36,1
168.90.31.105,25/10/2020, 01:36:11,25.41,1
168.90.31.105,25/10/2020, 01:37:22,25.18,1
168.90.31.105,25/10/2020, 01:38:32,25.36,1
168.90.31.105,25/10/2020, 01:39:42,25.14,1
168.90.31.105,25/10/2020, 01:40:53,25.32,1
168.90.31.105,25/10/2020, 01:42:03,25.32,1
168.90.31.105,25/10/2020, 01:43:13,24.82,1
168.90.31.105,25/10/2020, 01:44:23,25.41,1
168.90.31.105,25/10/2020, 01:45:34,24.41,1
168.90.31.105,25/10/2020, 01:46:44,25.36,1
168.90.31.105,25/10/2020, 01:47:54,25.36,1
168.90.31.105,25/10/2020, 01:49:05,24.82,1
168.90.31.105,25/10/2020, 01:50:15,25.09,1
168.90.31.105,25/10/2020, 01:51:25,23.45,1
168.90.31.105,25/10/2020, 01:52:35,25.23,1
168.90.31.105,25/10/2020, 01:53:45,25.36,1
168.90.31.105,25/10/2020, 01:54:55,25.32,1
168.90.31.105,25/10/2020, 01:56:05,23.08,1
168.90.31.105,25/10/2020, 01:57:16,24.00,1
168.90.31.105,25/10/2020, 01:58:26,25.36,1
168.90.31.105,25/10/2020, 01:59:37,25.32,1
168.90.31.105,25/10/2020, 02:00:47,25.32,1
168.90.31.105,25/10/2020, 02:01:57,25.36,1
168.90.31.105,25/10/2020, 02:03:07,25.36,1
168.90.31.105,25/10/2020, 02:04:18,25.36,1
168.90.31.105,25/10/2020, 02:05:28,25.32,1
168.90.31.105,25/10/2020, 02:06:38,25.32,1
168.90.31.105,25/10/2020, 02:07:49,25.32,1
168.90.31.105,25/10/2020, 02:08:59,25.32,1
168.90.31.105,25/10/2020, 02:10:09,25.32,1
168.90.31.105,25/10/2020, 02:11:19,24.73,1
168.90.31.105,25/10/2020, 02:12:30,25.32,1
168.90.31.105,25/10/2020, 02:13:40,25.18,1
168.90.31.105,25/10/2020, 02:14:50,24.91,1
168.90.31.105,25/10/2020, 02:16:00,25.32,1
168.90.31.105,25/10/2020, 02:17:11,23.31,1
168.90.31.105,25/10/2020, 02:18:21,25.32,1
168.90.31.105,25/10/2020, 02:19:31,25.32,1
168.90.31.105,25/10/2020, 02:20:42,25.18,1
168.90.31.105,25/10/2020, 02:21:52,25.23,1
168.90.31.105,25/10/2020, 02:23:02,25.05,1
168.90.31.105,25/10/2020, 02:24:13,25.27,1
168.90.31.105,25/10/2020, 02:25:23,25.27,1
168.90.31.105,25/10/2020, 02:26:33,23.08,1
168.90.31.105,25/10/2020, 02:27:43,25.14,1
168.90.31.105,25/10/2020, 02:28:54,25.23,1
168.90.31.105,25/10/2020, 02:30:04,25.18,1
168.90.31.105,25/10/2020, 02:31:14,22.95,1
168.90.31.105,25/10/2020, 02:32:24,25.27,1
168.90.31.105,25/10/2020, 02:33:35,25.23,1
168.90.31.105,25/10/2020, 02:34:45,25.27,1
168.90.31.105,25/10/2020, 02:35:55,25.14,1
168.90.31.105,25/10/2020, 02:37:05,25.18,1
168.90.31.105,25/10/2020, 02:38:16,25.14,1
168.90.31.105,25/10/2020, 02:39:26,25.23,1
168.90.31.105,25/10/2020, 02:40:36,25.23,1
168.90.31.105,25/10/2020, 02:41:47,25.14,1
168.90.31.105,25/10/2020, 02:42:57,25.23,1
168.90.31.105,25/10/2020, 02:44:07,25.23,1
168.90.31.105,25/10/2020, 02:45:18,22.95,1
168.90.31.105,25/10/2020, 02:46:28,22.90,1
168.90.31.105,25/10/2020, 02:47:38,24.32,1
168.90.31.105,25/10/2020, 02:48:48,25.14,1
168.90.31.105,25/10/2020, 02:49:58,25.18,1
168.90.31.105,25/10/2020, 02:51:09,24.00,1
168.90.31.105,25/10/2020, 02:52:19,25.18,1
168.90.31.105,25/10/2020, 02:53:30,23.77,1
168.90.31.105,25/10/2020, 02:54:40,22.86,1
168.90.31.105,25/10/2020, 02:55:50,24.50,1
168.90.31.105,25/10/2020, 02:57:00,24.95,1
168.90.31.105,25/10/2020, 02:58:10,25.05,1
168.90.31.105,25/10/2020, 02:59:20,23.45,1
168.90.31.105,25/10/2020, 03:00:30,25.14,1
168.90.31.105,25/10/2020, 03:01:41,25.09,1
168.90.31.105,25/10/2020, 03:02:51,25.14,1
168.90.31.105,25/10/2020, 03:04:02,25.14,1
168.90.31.105,25/10/2020, 03:05:12,22.86,1
168.90.31.105,25/10/2020, 03:06:22,25.14,1
168.90.31.105,25/10/2020, 03:07:32,24.32,1
168.90.31.105,25/10/2020, 03:08:42,25.14,1
168.90.31.105,25/10/2020, 03:09:53,25.09,1
168.90.31.105,25/10/2020, 03:11:03,24.95,1
168.90.31.105,25/10/2020, 03:12:13,25.09,1
168.90.31.105,25/10/2020, 03:13:23,22.86,1
168.90.31.105,25/10/2020, 03:14:33,22.81,1
168.90.31.105,25/10/2020, 03:15:44,25.00,1
168.90.31.105,25/10/2020, 03:16:54,22.86,1
168.90.31.105,25/10/2020, 03:18:04,25.05,1
168.90.31.105,25/10/2020, 03:19:15,24.95,1
168.90.31.105,25/10/2020, 03:20:25,24.86,1
168.90.31.105,25/10/2020, 03:21:35,22.81,1
168.90.31.105,25/10/2020, 03:22:45,25.05,1
168.90.31.105,25/10/2020, 03:23:56,25.05,1
168.90.31.105,25/10/2020, 03:25:06,25.09,1
168.90.31.105,25/10/2020, 03:26:16,24.95,1
168.90.31.105,25/10/2020, 03:27:27,25.05,1
168.90.31.105,25/10/2020, 03:28:37,25.05,1
168.90.31.105,25/10/2020, 03:29:47,25.05,1
168.90.31.105,25/10/2020, 03:30:57,22.76,1
168.90.31.105,25/10/2020, 03:32:07,24.50,1
168.90.31.105,25/10/2020, 03:33:18,24.91,1
168.90.31.105,25/10/2020, 03:34:28,25.00,1
168.90.31.105,25/10/2020, 03:35:38,25.05,1
168.90.31.105,25/10/2020, 03:36:49,25.00,1
168.90.31.105,25/10/2020, 03:37:59,25.00,1
168.90.31.105,25/10/2020, 03:39:09,24.95,1
168.90.31.105,25/10/2020, 03:40:19,22.76,1
168.90.31.105,25/10/2020, 03:41:30,25.05,1
168.90.31.105,25/10/2020, 03:42:40,22.76,1
168.90.31.105,25/10/2020, 03:43:50,25.05,1
168.90.31.105,25/10/2020, 03:45:00,24.50,1
168.90.31.105,25/10/2020, 03:46:11,24.86,1
168.90.31.105,25/10/2020, 03:47:21,24.95,1
168.90.31.105,25/10/2020, 03:48:31,23.59,1
168.90.31.105,25/10/2020, 03:49:42,24.95,1
168.90.31.105,25/10/2020, 03:50:52,24.50,1
168.90.31.105,25/10/2020, 03:52:02,25.09,1
168.90.31.105,25/10/2020, 03:53:12,25.05,1
168.90.31.105,25/10/2020, 03:54:23,24.54,1
168.90.31.105,25/10/2020, 03:55:33,25.09,1
168.90.31.105,25/10/2020, 03:56:43,25.05,1
168.90.31.105,25/10/2020, 03:57:53,24.95,1
